"row_id","objectid","cnn","streetname","project_lo","from_st","tc_measure","units","install_mo","install_yr","install_date","fiscal_yr","program","current_status","supervisor_district","analysis_neighborhood","shape","data_as_of","data_loaded_at"
"1","17790","22931000","SANTA ANA AVE","Santa Ana Avenue and Saint Francis Boulevard","SAINT FRANCIS BLVD","Traffic Circle","1","0","0","1900 Jan 01 12:00:00 AM",,,"Complete","7","St. Francis Wood","POINT (-122.467963318 37.734865689)","2022 Nov 17 09:50:13 PM","2026 Apr 18 10:23:38 AM"
"2","17960","22916000","SANTA CLARA AVE","Santa Clara Avenue and Santa Monica Way \ Yerba Buena Avenue","SANTA MONICA WAY \ YERBA BUENA AVE","Traffic Island","0","0","0","1900 Jan 01 12:00:00 AM","FY 2011-2012","TC Implementation","Complete","7","St. Francis Wood","POINT (-122.465844911 37.73849364)","2022 Nov 17 09:50:13 PM","2026 Apr 18 10:23:38 AM"
"3","16640","24366000","CAPP ST","Capp Street and Adair Street","ADAIR ST","Raised Crosswalk","1","0","0","1900 Jan 01 12:00:00 AM",,,"Complete","9","Mission","POINT (-122.418633618 37.765686233)","2022 Nov 17 09:50:13 PM","2026 Apr 18 10:23:38 AM"
"4","16642","24368000","NATOMA ST","Natoma Street and 14th Street","14TH ST","Raised Crosswalk","1","0","0","1900 Jan 01 12:00:00 AM",,,"Complete","9","Mission","POINT (-122.418555933 37.768359751)","2022 Nov 17 09:50:13 PM","2026 Apr 18 10:23:38 AM"
"5","16644","24370000","MINNA ST","Minna Street and 14th Street","14TH ST","Raised Crosswalk","1","0","0","1900 Jan 01 12:00:00 AM",,,"Complete","9","Mission","POINT (-122.419224932 37.768319349)","2022 Nov 17 09:50:13 PM","2026 Apr 18 10:23:38 AM"
"6","16783","24093000","ORANGE Alley","Orange Alley and 24th Street","24TH ST","Raised Crosswalk","1","0","0","1900 Jan 01 12:00:00 AM",,,"Complete","9","Mission","POINT (-122.42008415 37.752139178)","2022 Nov 17 09:50:13 PM","2026 Apr 18 10:23:38 AM"
"7","16798","24112000","22nd ST","22nd Street and Bartlett Street","BARTLETT ST","Raised Crosswalk","1","0","0","1900 Jan 01 12:00:00 AM",,,"Complete","9","Mission","POINT (-122.419857943 37.75536573)","2022 Nov 17 09:50:13 PM","2026 Apr 18 10:23:38 AM"
"8","16800","24114000","BARTLETT ST","Bartlett Street and 21st Street","21ST ST","Raised Crosswalk","1","0","0","1900 Jan 01 12:00:00 AM",,,"Complete","9","Mission","POINT (-122.420011098 37.756968602)","2022 Nov 17 09:50:13 PM","2026 Apr 18 10:23:38 AM"
"9","16813","24127000","SHOTWELL ST","Shotwell Street and 18th Street","18TH ST","Raised Crosswalk","1","0","0","1900 Jan 01 12:00:00 AM",,,"Complete","9","Mission","POINT (-122.416077986 37.762034002)","2022 Nov 17 09:50:13 PM","2026 Apr 18 10:23:38 AM"
"10","16821","24135000","SHOTWELL ST","Shotwell Street and 17th Street","17TH ST","Raised Crosswalk","1","0","0","1900 Jan 01 12:00:00 AM",,,"Complete","9","Mission","POINT (-122.416227271 37.763635137)","2022 Nov 17 09:50:13 PM","2026 Apr 18 10:23:38 AM"
"11","16878","24000000","POTRERO AVE","Potrero Avenue and 21st Street","21ST ST","Traffic Island","1","0","0","1900 Jan 01 12:00:00 AM","FY 2004-2005","Corridor","Complete","10","Mission","POINT (-122.406799737 37.757762058)","2022 Nov 17 09:50:13 PM","2026 Apr 18 10:23:38 AM"
"12","16879","24001000","POTRERO AVE","Potrero Avenue and 20th Street","20TH ST","Traffic Island","1","0","0","1900 Jan 01 12:00:00 AM","FY 2004-2005","Corridor","Complete","10","Mission","POINT (-122.406946874 37.759365489)","2022 Nov 17 09:50:13 PM","2026 Apr 18 10:23:38 AM"
"13","16881","24003000","POTRERO AVE","Potrero Avenue and 19th Street","19TH ST","Traffic Island","1","0","0","1900 Jan 01 12:00:00 AM","FY 2004-2005","Corridor","Complete","10","Mission","POINT (-122.407065797 37.760661266)","2022 Nov 17 09:50:13 PM","2026 Apr 18 10:23:38 AM"
"14","16940","24066000","25TH ST","25th Street and Cypress Street","CYPRESS ST","Raised Crosswalk","1","0","0","1900 Jan 01 12:00:00 AM",,,"Complete","9","Mission","POINT (-122.416671507 37.750737097)","2022 Nov 17 09:50:13 PM","2026 Apr 18 10:23:38 AM"
"15","16945","24071000","LILAC ST","Lilac Street and 25th Street","25TH ST","Raised Crosswalk","1","0","0","1900 Jan 01 12:00:00 AM",,,"Complete","9","Mission","POINT (-122.417726289 37.750673509)","2022 Nov 17 09:50:13 PM","2026 Apr 18 10:23:38 AM"
"16","19256","21120000","HAMPSHIRE ST","Hampshire Street and Cesar Chavez On Ramp","CESAR CHAVEZ ON RAMP","Raised Crosswalk","1","0","0","1900 Jan 01 12:00:00 AM",,,"Complete","9","Mission","POINT (-122.406487374 37.748957242)","2022 Nov 17 09:50:13 PM","2026 Apr 18 10:23:38 AM"
"17","17026","23964000","POTRERO AVE","Potrero Avenue and 22nd Street","22nd ST","Traffic Island","1","0","0","1900 Jan 01 12:00:00 AM","FY 2004-2005","Corridor","Complete","10","Mission","POINT (-122.406635799 37.756166984)","2022 Nov 17 09:50:13 PM","2026 Apr 18 10:23:38 AM"
"18","13494","28089000","WISCONSIN ST","Wisconsin Street and Carolina Street","CAROLINA ST","Speed Hump","1","0","0","1900 Jan 01 12:00:00 AM","FY 2011-2012","Areawide","Complete","10","Potrero Hill","POINT (-122.398491066 37.752603731)","2022 Nov 17 09:50:13 PM","2026 Apr 18 10:23:38 AM"
"19","17024","23962000","POTRERO AVE","Potrero Avenue and 23rd Street","23RD ST","Traffic Island","1","0","0","1900 Jan 01 12:00:00 AM","FY 2004-2005","Corridor","Complete","10","Potrero Hill","POINT (-122.406452616 37.754276934)","2022 Nov 17 09:50:13 PM","2026 Apr 18 10:23:38 AM"
"20","17051","23777000","MARIPOSA ST","Mariposa Street and Vermont Street","VERMONT ST","Traffic Island","2","0","0","1900 Jan 01 12:00:00 AM","FY 2011-2012","Areawide","Complete","10","Potrero Hill","POINT (-122.404371726 37.763381755)","2022 Nov 17 09:50:13 PM","2026 Apr 18 10:23:38 AM"
"21","17140","23674000","MARIPOSA ST","Mariposa Street and Mississippi Street","MISSISSIPPI ST","Traffic Island","1","6","2017","2017 Jun 01 12:00:00 AM","FY 2011-2012","TC Implementation","Complete","10","Potrero Hill","POINT (-122.394708642 37.763964017)","2022 Nov 17 09:50:13 PM","2026 Apr 18 10:23:38 AM"
"22","17177","23714000","KANSAS ST","Kansas Street and 25th Street","25TH ST","Traffic Island","1","0","0","1900 Jan 01 12:00:00 AM","FY 2008-2009","Areawide","Complete","10","Potrero Hill","POINT (-122.402314716 37.751960681)","2022 Nov 17 09:50:13 PM","2026 Apr 18 10:23:38 AM"
"23","17178","23715000","26TH ST","26th Street and Kansas Street","KANSAS ST","Traffic Island","1","0","0","1900 Jan 01 12:00:00 AM","FY 2008-2009","Areawide","Complete","10","Potrero Hill","POINT (-122.402183518 37.750580762)","2022 Nov 17 09:50:13 PM","2026 Apr 18 10:23:38 AM"
"24","17180","23718000","KANSAS ST","Kansas Street and 24th Street","24TH ST","Traffic Island","1","0","0","1900 Jan 01 12:00:00 AM","FY 2008-2009","Areawide","Complete","10","Potrero Hill","POINT (-122.402436076 37.753236027)","2022 Nov 17 09:50:13 PM","2026 Apr 18 10:23:38 AM"
"25","17186","23725000","KANSAS ST","Kansas Street and 23rd Street","23RD ST","Traffic Island","1","0","0","1900 Jan 01 12:00:00 AM","FY 2008-2009","Areawide","Complete","10","Potrero Hill","POINT (-122.40255751 37.75451212)","2022 Nov 17 09:50:13 PM","2026 Apr 18 10:23:38 AM"
"26","17215","23755000","SOUTHERN HEIGHTS AVE","Southern Heights Avenue and Rhode Island Street","RHODE ISLAnd ST","Traffic Island","0","0","0","1900 Jan 01 12:00:00 AM","FY 2011-2012","Areawide","Complete","10","Potrero Hill","POINT (-122.40195658 37.758402812)","2022 Nov 17 09:50:13 PM","2026 Apr 18 10:23:38 AM"
"27","18669","21962000","ADDISON ST","Addison Street and Digby Street","DIGBY ST","Ped Refuge Island","1","0","0","1900 Jan 01 12:00:00 AM",,,"Complete","8","Fairmount","POINT (-122.433710648 37.740080921)","2022 Nov 17 09:50:13 PM","2026 Apr 18 10:23:38 AM"
"28","19190","21259000","HOLLY PARK CIR","Holly Park Cir and Elsie Street","ELSIE ST","Channelization","1","0","0","1900 Jan 01 12:00:00 AM","FY 2005-2006","Site Specific","Complete","9","Holly Park","POINT (-122.420679034 37.737925597)","2022 Nov 17 09:50:13 PM","2026 Apr 18 10:23:38 AM"
"29","12977","33412000","MERCEDES WAY","Mercedes Way and Junipero Serra Boulevard","JUNIPERO SERRA BLVD","Traffic Island","1","0","2014","2014 Jan 01 12:00:00 AM","FY 2011-2012","TC Implementation","Complete","7","Ingleside Terraces","POINT (-122.471702637 37.726808201)","2022 Nov 17 09:50:13 PM","2026 Apr 18 10:23:38 AM"
"30","17965","22704000","URBANO Drive","Urbano Drive and Victoria Street","VICTORIA ST","Traffic Circle","1","7","1995","1995 Jul 01 12:00:00 AM","FY 1995-1996","Site Specific","Complete","7","Ingleside Terraces","POINT (-122.464634225 37.72314268)","2022 Nov 17 09:50:13 PM","2026 Apr 18 10:23:38 AM"
"31","17966","22705000","VICTORIA ST","Victoria Street and Urbano Drive","URBANO Drive","Traffic Circle","1","7","2000","2000 Jul 01 12:00:00 AM","FY 2000-2001","Site Specific","Complete","7","Ingleside Terraces","POINT (-122.464213522 37.725185342)","2022 Nov 17 09:50:13 PM","2026 Apr 18 10:23:38 AM"
"32","18006","22747000","URBANO Drive","Urbano Drive and Corona Street","CORONA ST","Traffic Circle","1","7","2000","2000 Jul 01 12:00:00 AM","FY 2000-2001","Site Specific","Complete","7","Ingleside Terraces","POINT (-122.466283797 37.725446682)","2022 Nov 17 09:50:13 PM","2026 Apr 18 10:23:38 AM"
"33","18038","22782000","CERRITOS AVE","Cerritos Avenue and Lunado Way \ Mercedes Way","LUNADO WAY \ MERCEDES WAY","Traffic Island","1","0","2014","2014 Jan 01 12:00:00 AM","FY 2011-2012","TC Implementation","Complete","7","Ingleside Terraces","POINT (-122.471132004 37.726787739)","2022 Nov 17 09:50:13 PM","2026 Apr 18 10:23:38 AM"
"34","13236","32969000","MIRAMAR AVE","Miramar Avenue and Wildwood Way","WILDWOOD WAY","Traffic Circle","1","1","2013","2013 Jan 01 12:00:00 AM","FY 2012-2013",,"Complete","7","Westwood Park","POINT (-122.458205132 37.727585271)","2023 Aug 17 04:19:02 PM","2026 Apr 18 10:23:38 AM"
"35","18082","22623000","PLYMOUTH AVE","Plymouth Avenue and Wildwood Way","WILDWOOD WAY","Raised Crosswalk","1","0","0","1900 Jan 01 12:00:00 AM",,,"Complete","7","Westwood Park","POINT (-122.456537039 37.727589982)","2022 Nov 17 09:50:13 PM","2026 Apr 18 10:23:38 AM"
"36","18352","22249000","COLON AVE","Colon Avenue and Greenwood Avenue","GREENWOOD AVE","Raised Crosswalk","1","0","0","1900 Jan 01 12:00:00 AM",,,"Complete","7","Westwood Park","POINT (-122.455603072 37.728840248)","2022 Nov 17 09:50:13 PM","2026 Apr 18 10:23:38 AM"
"37","18260","22364000","GAVIOTA WAY","Gaviota Way and Teresita Boulevard","TERESITA BLVD","Traffic Island","0","0","0","1900 Jan 01 12:00:00 AM","FY 2009-2010","TC Implementation","Complete","7","Miraloma Park","POINT (-122.447851523 37.739850696)","2022 Nov 17 09:50:13 PM","2026 Apr 18 10:23:38 AM"
"38","18294","22410000","MARIETTA Drive","Marietta Drive and Teresita Boulevard","TERESITA BLVD","Traffic Island","1","11","2008","2008 Nov 01 12:00:00 AM","FY 2008-2009","Corridor","Complete","7","Miraloma Park","POINT (-122.450784466 37.742729932)","2022 Nov 17 09:50:13 PM","2026 Apr 18 10:23:38 AM"
"39","18302","22419000","TERESITA BLVD","Teresita Boulevard and Fowler Avenue","FOWLER AVE","Traffic Island","0","0","0","1900 Jan 01 12:00:00 AM","FY 2009-2010","TC Implementation","Complete","7","Miraloma Park","POINT (-122.451606641 37.743609991)","2022 Nov 17 09:50:13 PM","2026 Apr 18 10:23:38 AM"
"40","18392","22295000","TERESITA BLVD","Teresita Boulevard and Foerster Street","FOERSTER ST","Traffic Island","0","0","0","1900 Jan 01 12:00:00 AM","FY 2009-2010","TC Implementation","Complete","7","Miraloma Park","POINT (-122.446405357 37.735602241)","2022 Nov 17 09:50:13 PM","2026 Apr 18 10:23:38 AM"
"41","18395","22300000","TERESITA BLVD","Teresita Boulevard and Bella Vista Way","BELLA VISTA WAY","Channelization","1","10","2009","2009 Oct 01 12:00:00 AM","FY 2008-2009","Site Specific","Complete","7","Miraloma Park","POINT (-122.446588988 37.737586967)","2022 Nov 17 09:50:13 PM","2026 Apr 18 10:23:38 AM"
"42","10314","20423000","SANTOS ST","Santos Street and Blythdale Avenue","BLYTHDALE AVE","Traffic Island","1","0","0","1900 Jan 01 12:00:00 AM","FY 2004-2005","Site Specific","Complete","10","Sunnydale","POINT (-122.418771842 37.710731945)","2022 Nov 17 09:50:13 PM","2026 Apr 18 10:23:38 AM"
"43","10508","20431000","BLYTHDALE AVE","Blythdale Avenue and Brookdale Avenue","BROOKDALE AVE","Speed Radar Sign","1","0","0","1900 Jan 01 12:00:00 AM","FY 2004-2005","Site Specific","Complete","10","Sunnydale","POINT (-122.422240831 37.711316694)","2022 Nov 17 09:50:13 PM","2026 Apr 18 10:23:38 AM"
"44","13845","27645000","LAKE ST","Lake Street and 21st Avenue","21ST AVE","Traffic Island","2","6","2017","2017 Jun 01 12:00:00 AM",,"2016 Backlog Islands","Complete","1","Lake Street","POINT (-122.4808601 37.785933963)","2022 Nov 17 09:50:13 PM","2026 Apr 18 10:23:38 AM"
"45","14012","27622000","LAKE ST","Lake Street and 14th Avenue","14TH AVE","Traffic Island","0","0","0","1900 Jan 01 12:00:00 AM","FY 2009-2010","TC Implementation","Complete","1","Lake Street","POINT (-122.473255083 37.786288101)","2022 Nov 17 09:50:13 PM","2026 Apr 18 10:23:38 AM"
"46","14015","27625000","LAKE ST","Lake Street and 15th Avenue","15TH AVE","Raised Crosswalk","2","9","2022","2022 Sep 01 12:00:00 AM","<Null>","Lake St TC","Complete","1","Lake Street","POINT (-122.474382842 37.786238018)","2022 Dec 07 12:08:40 AM","2026 Apr 18 10:23:38 AM"
"47","14021","27633000","LAKE ST","Lake Street and 17th Avenue","17TH AVE","Traffic Island","2","0","2014","2014 Jan 01 12:00:00 AM","FY 2011-2012","TC Implementation","Complete","1","Lake Street","POINT (-122.476575149 37.786128282)","2022 Nov 17 09:50:13 PM","2026 Apr 18 10:23:38 AM"
"48","13994","27595000","LAKE ST","Lake Street and 5th Avenue","05TH AVE","Traffic Island","0","0","0","1900 Jan 01 12:00:00 AM","FY 2013-2014",,"Complete","1","Presidio Terrace","POINT (-122.463617943 37.78672158)","2022 Nov 17 09:50:13 PM","2026 Apr 18 10:23:38 AM"
"49","13999","27600000","LAKE ST","Lake Street and 7th Avenue","07TH AVE","Traffic Island","0","0","0","1900 Jan 01 12:00:00 AM","FY 2013-2014",,"Complete","1","Presidio Terrace","POINT (-122.465760339 37.786627327)","2022 Nov 17 09:50:13 PM","2026 Apr 18 10:23:38 AM"
"50","14004","27609000","LAKE ST","Lake Street and 10th Avenue","10TH AVE","Raised Crosswalk","1","9","2022","2022 Sep 01 12:00:00 AM","<Null>","Lake St TC","Complete","1","Presidio Terrace","POINT (-122.468974695 37.786482586)","2022 Nov 17 09:50:13 PM","2026 Apr 18 10:23:38 AM"
"51","14007","27612000","LAKE ST","Lake Street and 11th Avenue","11TH AVE","Traffic Island","0","0","0","1900 Jan 01 12:00:00 AM","FY 2013-2014",,"Complete","1","Presidio Terrace","POINT (-122.470043747 37.786437147)","2022 Nov 17 09:50:13 PM","2026 Apr 18 10:23:38 AM"
"52","14008","27613000","LAKE ST","Lake Street and 12th Avenue","12TH AVE","Raised Crosswalk","1","9","2022","2022 Sep 01 12:00:00 AM","<Null>","Lake St TC","Complete","1","Presidio Terrace","POINT (-122.471114604 37.786387243)","2022 Nov 17 09:50:13 PM","2026 Apr 18 10:23:38 AM"
"53","14233","27268000","FUNSTON AVE","Funston Avenue and Cabrillo Street","CABRILLO ST","Traffic Island","0","0","0","1900 Jan 01 12:00:00 AM","FY 2011-2012","Areawide","Complete","1","Inner Richmond","POINT (-122.47137305 37.775027581)","2022 Nov 17 09:50:13 PM","2026 Apr 18 10:23:38 AM"
"54","14234","27269000","FUNSTON AVE","Funston Avenue and Fulton Street","FULTON ST","Traffic Island","1","0","2014","2014 Jan 01 12:00:00 AM","FY 2011-2012","TC Implementation","Complete","1","Inner Richmond","POINT (-122.471240069 37.773161982)","2022 Nov 17 09:50:13 PM","2026 Apr 18 10:23:38 AM"
"55","14247","27282000","ANZA ST","Anza Street and 8th Avenue","8TH AVE","Ped Refuge Island","2","6","2019","2019 Jun 01 12:00:00 AM",,"8th Ave Neighborway","Complete","1","Inner Richmond","POINT (-122.4662881 37.778993933)","2022 Nov 17 09:50:13 PM","2026 Apr 18 10:23:38 AM"
"56","14263","27298000","BALBOA ST","Balboa Street and Funston Avenue","FUNSTON AVE","Traffic Island","1","0","0","1900 Jan 01 12:00:00 AM","FY 2009-2010","Areawide","Complete","1","Inner Richmond","POINT (-122.471505994 37.776892556)","2022 Nov 17 09:50:13 PM","2026 Apr 18 10:23:38 AM"
"57","14265","27300000","FUNSTON AVE","Funston Avenue and Anza Street","ANZA ST","Traffic Island","1","0","2014","2014 Jan 01 12:00:00 AM","FY 2011-2012","TC Implementation","Complete","1","Inner Richmond","POINT (-122.471638566 37.778752208)","2022 Nov 17 09:50:13 PM","2026 Apr 18 10:23:38 AM"
"58","14042","27448000","CABRILLO ST","Cabrillo Street and 14th Avenue","14TH AVE","Traffic Island","0","0","0","1900 Jan 01 12:00:00 AM","FY 2011-2012","Areawide","Complete","1","Inner Richmond","POINT (-122.472434502 37.774979211)","2022 Nov 17 09:50:13 PM","2026 Apr 18 10:23:38 AM"
"59","14064","27473000","BALBOA ST","Balboa Street and 14th Avenue","14TH AVE","Traffic Island","1","0","2014","2014 Jan 01 12:00:00 AM","FY 2013-2014","TC Implementation","Complete","1","Inner Richmond","POINT (-122.472571671 37.776844009)","2022 Nov 17 09:50:13 PM","2026 Apr 18 10:23:38 AM"
"60","14067","27476000","ANZA ST","Anza Street and 14th Avenue","14TH AVE","Traffic Island","1","0","2014","2014 Jan 01 12:00:00 AM","FY 2013-2014","TC Implementation","Complete","1","Inner Richmond","POINT (-122.472708481 37.778703842)","2022 Nov 17 09:50:13 PM","2026 Apr 18 10:23:38 AM"
"61","14073","27482000","FUNSTON AVE","Funston Avenue and Clement Street","CLEMENT ST","Traffic Island","1","0","2014","2014 Jan 01 12:00:00 AM","FY 2011-2012","TC Implementation","Complete","1","Inner Richmond","POINT (-122.471915031 37.782596214)","2022 Nov 17 09:50:13 PM","2026 Apr 18 10:23:38 AM"
"62","14076","27485000","14TH AVE","14th Avenue and Clement Street","CLEMENT ST","Traffic Island","1","0","2014","2014 Jan 01 12:00:00 AM","FY 2013-2014","TC Implementation","Complete","1","Inner Richmond","POINT (-122.472984477 37.782553986)","2022 Nov 17 09:50:13 PM","2026 Apr 18 10:23:38 AM"
"63","14009","27619000","CALIFORNIA ST","California Street and Funston Avenue","FUNSTON AVE","Traffic Island","1","0","2014","2014 Jan 01 12:00:00 AM","FY 2011-2012","TC Implementation","Complete","1","Inner Richmond","POINT (-122.472051929 37.78447631)","2022 Nov 17 09:50:13 PM","2026 Apr 18 10:23:38 AM"
"64","14011","27621000","14TH AVE","14th Avenue and California Street","CALIFORNIA ST","Traffic Island","2","0","2014","2014 Jan 01 12:00:00 AM","FY 2013-2014","TC Implementation","Complete","1","Inner Richmond","POINT (-122.473119807 37.784421469)","2022 Nov 17 09:50:13 PM","2026 Apr 18 10:23:38 AM"
"65","13633","28005000","SEAL ROCK Drive","Seal Rock Drive and Alta Mar Way","ALTA MAR WAY","Raised Crosswalk","1","6","2016","2016 Jun 01 12:00:00 AM","FY 2014-2015","App-Based","Complete","1","Sutro Heights","POINT (-122.507891878 37.780720539)","2022 Nov 17 09:50:13 PM","2026 Apr 18 10:23:38 AM"
"66","13939","27535000","ANZA ST","Anza Street and 23rd Avenue","23RD AVE","Traffic Circle","1","3","2013","2013 Mar 01 12:00:00 AM","FY 2012-2013","Areawide","Complete","1","Outer Richmond","POINT (-122.48245296 37.778262885)","2022 Nov 17 09:50:13 PM","2026 Apr 18 10:23:38 AM"
"67","13940","27536000","ANZA ST","Anza Street and 24th Avenue","24TH AVE","Traffic Island","2","5","2017","2017 May 01 12:00:00 AM",,"2016 Backlog Islands","Complete","1","Outer Richmond","POINT (-122.483525398 37.778214306)","2022 Nov 17 09:50:13 PM","2026 Apr 18 10:23:38 AM"
"68","14141","27362000","LINCOLN WAY","Lincoln Way and 17th Street","17TH ST","Left Turn Traffic Calming","1","8","2020","2020 Aug 01 12:00:00 AM","<Null>","Left Turn Traffic Calming","Complete","7","Golden Gate Park","POINT (-122.475118562 37.765544424)","2022 Nov 17 09:50:13 PM","2026 Apr 18 10:23:38 AM"
"69","14152","27373000","LINCOLN WAY","Lincoln Way and 18th Street","18TH ST","Left Turn Traffic Calming","1","8","2020","2020 Aug 01 12:00:00 AM","<Null>","Left Turn Traffic Calming","Complete","7","Golden Gate Park","POINT (-122.476186637 37.765498441)","2022 Nov 17 09:50:13 PM","2026 Apr 18 10:23:38 AM"
"70","14224","27259000","JOHN F KENNEDY Drive","John F Kennedy Drive and 10th Avenue","10TH AVE","Raised Crosswalk","1","7","2018","2018 Jul 01 12:00:00 AM",,"Golden Gate Park Traffic Safety","Complete","1","Golden Gate Park","POINT (-122.46808616 37.772524427)","2022 Nov 17 09:50:13 PM","2026 Apr 18 10:23:38 AM"
"71","14347","27194000","04TH AVE","4th Avenue and Lincoln Way","LINCOLN WAY","Median Extension","1","0","0","1900 Jan 01 12:00:00 AM","FY 2008-2009","Paving","Complete","7","Golden Gate Park","POINT (-122.461089544 37.766161082)","2022 Nov 17 09:50:13 PM","2026 Apr 18 10:23:38 AM"
"72","14971","26443000","JOHN F KENNEDY Drive","John F Kennedy Drive and Kezar Drive","KEZAR Drive","Raised Crosswalk","1","7","2018","2018 Jul 01 12:00:00 AM",,"Golden Gate Park Traffic Safety","Complete","1","Golden Gate Park","POINT (-122.455289746 37.770929659)","2022 Nov 17 09:50:13 PM","2026 Apr 18 10:23:38 AM"
"73","14045","27451000","STOW LAKE Drive","Stow Lake Drive and John F Kennedy Drive","JOHN F KENNEDY Drive","Raised Crosswalk","1","7","2018","2018 Jul 01 12:00:00 AM",,"Golden Gate Park Traffic Safety","Complete","7","Golden Gate Park","POINT (-122.473655191 37.771155802)","2022 Nov 17 09:50:13 PM","2026 Apr 18 10:23:38 AM"
"74","13801","27793000","MARTIN LUTHER KING JR Drive","Martin Luther King Jr Drive and Chain Of Lakes Drive","CHAIN OF LAKES Drive","Raised Crosswalk","1","8","2018","2018 Aug 01 12:00:00 AM",,"Golden Gate Park Traffic Safety","Complete","4","Golden Gate Park","POINT (-122.500857016 37.764845907)","2022 Nov 17 09:50:13 PM","2026 Apr 18 10:23:38 AM"
"75","14373","27223000","JORDAN AVE","Jordan Avenue and Geary Boulevard","GEARY BLVD","Traffic Island","1","0","0","1900 Jan 01 12:00:00 AM","FY 2004-2005","Site Specific","Complete","2","Laurel Heights / Jordan Park","POINT (-122.456629211 37.781439142)","2022 Nov 17 09:50:13 PM","2026 Apr 18 10:23:38 AM"
"76","14482","26926000","IRIS AVE","Iris Avenue and Euclid Avenue","EUCLID AVE","Ped Refuge Island","2","3","2018","2018 Mar 01 12:00:00 AM",,"Euclid TC","Complete","2","Laurel Heights / Jordan Park","POINT (-122.451875438 37.784126741)","2022 Nov 17 09:50:13 PM","2026 Apr 18 10:23:38 AM"
"77","14483","26927000","HEATHER AVE","Heather Avenue and Euclid Avenue","EUCLID AVE","Ped Refuge Island","2","3","2018","2018 Mar 01 12:00:00 AM",,"Euclid TC","Complete","2","Laurel Heights / Jordan Park","POINT (-122.452751736 37.78406546)","2022 Nov 17 09:50:13 PM","2026 Apr 18 10:23:38 AM"
"78","14485","26929000","SPRUCE ST","Spruce Street and Euclid Avenue","EUCLID AVE","Ped Refuge Island","2","3","2018","2018 Mar 01 12:00:00 AM",,"Euclid TC","Complete","2","Laurel Heights / Jordan Park","POINT (-122.453653499 37.784054481)","2022 Nov 17 09:50:13 PM","2026 Apr 18 10:23:38 AM"
"79","14487","26931000","PARKER AVE","Parker Avenue and Euclid Avenue","EUCLID AVE","Traffic Circle","1","1","2018","2018 Jan 01 12:00:00 AM","FY 2017-2018","Euclid TC","Complete","2","Laurel Heights / Jordan Park","POINT (-122.454617803 37.784029989)","2022 Nov 17 09:50:13 PM","2026 Apr 18 10:23:38 AM"
"80","14491","26935000","MAYFAIR Drive","Mayfair Drive and Manzanita Avenue","MANZANITA AVE","Painted Island","2","12","2014","2014 Dec 01 12:00:00 AM",,"Early Implementation","Complete","2","Laurel Heights / Jordan Park","POINT (-122.45124037 37.785976194)","2022 Nov 17 09:50:13 PM","2026 Apr 18 10:23:38 AM"
"81","14492","26936000","MAYFAIR Drive","Mayfair Drive and Iris Avenue","IRIS AVE","Painted Island","2","12","2014","2014 Dec 01 12:00:00 AM",,"Early Implementation","Complete","2","Laurel Heights / Jordan Park","POINT (-122.452069955 37.785871705)","2022 Nov 17 09:50:13 PM","2026 Apr 18 10:23:38 AM"
"82","14652","26911000","LAUREL ST","Laurel Street and Euclid Avenue","EUCLID AVE","Traffic Island","1","4","2018","2018 Apr 01 12:00:00 AM",,"Euclid TC","Complete","2","Laurel Heights / Jordan Park","POINT (-122.449269597 37.784688429)","2022 Nov 17 09:50:13 PM","2026 Apr 18 10:23:38 AM"
"83","14653","26912000","EUCLID AVE","Euclid Avenue and Collins Street","COLLINS ST","Traffic Circle","1","1","2018","2018 Jan 01 12:00:00 AM","FY 2017-2018","Euclid TC","Complete","2","Laurel Heights / Jordan Park","POINT (-122.450135687 37.784480902)","2023 Aug 17 03:42:54 PM","2026 Apr 18 10:23:38 AM"
"84","14655","26914000","MANZANITA AVE","Manzanita Avenue and Euclid Avenue","EUCLID AVE","Ped Refuge Island","2","3","2018","2018 Mar 01 12:00:00 AM",,"Euclid TC","Complete","2","Laurel Heights / Jordan Park","POINT (-122.451012147 37.784275274)","2022 Nov 17 09:50:13 PM","2026 Apr 18 10:23:38 AM"
"85","15107","26394000","NIDO AVE","Nido Avenue and Vega Street","VEGA ST","Raised Crosswalk","1","3","2022","2022 Mar 01 12:00:00 AM","FY 2017-2018","App-Based","Complete","2","Anza Vista","POINT (-122.446289241 37.779958148)","2022 Nov 17 09:50:13 PM","2026 Apr 18 10:23:38 AM"
"86","14558","27008000","CHESTNUT ST","Chestnut Street and Baker Street","BAKER ST","Channelization","1","0","0","1900 Jan 01 12:00:00 AM","FY 2004-2005","Site Specific","Complete","2","Cow Hollow","POINT (-122.446161092 37.799556099)","2022 Nov 17 09:50:13 PM","2026 Apr 18 10:23:38 AM"
"87","14733","26796000","SCOTT ST","Scott Street and Cervantes Boulevard \ Marina Boulevard \ Marina Green Drive","CERVANTES BLVD \ MARINA BLVD \ MARINA GREEN Drive","Raised Crosswalk","1","0","0","1900 Jan 01 12:00:00 AM",,,"Complete","2","Marina","POINT (-122.442209785 37.805786275)","2022 Nov 17 09:50:13 PM","2026 Apr 18 10:23:38 AM"
"88","13459","30763000","MARINA GREEN Drive","Marina Green Drive and Marina Boulevard","MARINA BLVD","Raised Crosswalk","1","0","0","1900 Jan 01 12:00:00 AM",,,"Complete","2","Marina","POINT (-122.436100108 37.806498899)","2022 Nov 17 09:50:13 PM","2026 Apr 18 10:23:38 AM"
"89","13509","28180000","UNION ST","Union Street and Sonoma Street","SONOMA ST","Raised Crosswalk","1","0","0","1900 Jan 01 12:00:00 AM",,,"Complete","3","Telegraph Hill","POINT (-122.406407954 37.800786417)","2022 Nov 17 09:50:13 PM","2026 Apr 18 10:23:38 AM"
"90","15895","25342000","VARENNES ST","Varennes Street and Union Street","UNION ST","Raised Crosswalk","2","0","0","1900 Jan 01 12:00:00 AM",,,"Complete","3","Telegraph Hill","POINT (-122.406801052 37.800736835)","2022 Nov 17 09:50:13 PM","2026 Apr 18 10:23:38 AM"
"91","15971","25195000","VAN NESS AVE","Van Ness Avenue and Alice B Toklas Place","ALICE B TOKLAS PL","Raised Crosswalk","1","4","2020","2020 Apr 01 12:00:00 AM","<Null>","PW Van Ness Ave Infrastructure Improvements","Complete","5","Tenderloin","POINT (-122.421216458 37.785232628)","2022 Nov 17 09:50:13 PM","2026 Apr 18 10:23:38 AM"
"92","16106","25139000","LEAVENWORTH ST","Leavenworth Street and Ellis Street","ELLIS ST","Left Turn Traffic Calming","1","8","2020","2020 Aug 01 12:00:00 AM","<Null>","Left Turn Traffic Calming","Complete","5","Tenderloin","POINT (-122.414430198 37.784657141)","2022 Nov 17 09:50:13 PM","2026 Apr 18 10:23:38 AM"
"93","16145","24927000","JONES ST","Jones Street and Steveloe Place","STEVELOE PL","Raised Crosswalk","1","0","0","1900 Jan 01 12:00:00 AM",,,"Complete","5","Tenderloin","POINT (-122.412881239 37.785353823)","2022 Nov 17 09:50:13 PM","2026 Apr 18 10:23:38 AM"
"94","16514","24449000","HICKORY ST","Hickory Street and Franklin Street","FRANKLIN ST","Raised Crosswalk","1","0","2009","2009 Jan 01 12:00:00 AM",,,"Complete","5","Civic Center","POINT (-122.42105326 37.775695232)","2022 Nov 17 09:50:13 PM","2026 Apr 18 10:23:38 AM"
"95","16536","24473000","ASH ST","Ash Street and Gough Street","GOUGH ST","Raised Crosswalk","1","0","0","1900 Jan 01 12:00:00 AM",,,"Complete","5","Civic Center","POINT (-122.423448263 37.779213435)","2022 Nov 17 09:50:13 PM","2026 Apr 18 10:23:38 AM"
"96","12731","34017000","LIndEN ST","Linden Street and Webster Street","WEBSTER ST","Raised Crosswalk","1","0","0","1900 Jan 01 12:00:00 AM",,,"Complete","5","Hayes Valley","POINT (-122.429459886 37.775577376)","2022 Nov 17 09:50:13 PM","2026 Apr 18 10:23:38 AM"
"97","14972","26445000","STANYAN ST","Stanyan Street and Fell Access Rd \ Fell Street","FELL ACCESS RD \ FELL ST","Raised Crosswalk","1","2","2021","2021 Feb 01 12:00:00 AM","<Null>","D5 CRT","Complete","1","Panhandle","POINT (-122.454083218 37.771930404)","2022 Nov 17 09:50:13 PM","2026 Apr 18 10:23:38 AM"
"98","13316","32856000","JOHN F KENNEDY Drive","John F Kennedy Drive and Fell Street \ Oak Street \ Stanyan Street","FELL ST \ OAK ST \ STAYNYAN ST","Raised Crosswalk","1","2","2021","2021 Feb 01 12:00:00 AM","<Null>","D5 CRT","Complete","5","Panhandle","POINT (-122.453979522 37.771428395)","2022 Nov 17 09:50:13 PM","2026 Apr 18 10:23:38 AM"
"99","10770","54055000","WEBSTER ST","Webster Street and Rose Street","ROSE ST","Raised Crosswalk","1","0","0","1900 Jan 01 12:00:00 AM",,,"Complete","5","Lower Haight","POINT (-122.428898399 37.772793343)","2022 Nov 17 09:50:13 PM","2026 Apr 18 10:23:38 AM"
"100","10941","54054000","ROSE ST","Rose Street and Buchanan Street","BUCHANAN ST","Raised Crosswalk","1","0","0","1900 Jan 01 12:00:00 AM",,,"Complete","5","Lower Haight","POINT (-122.4272604 37.773001694)","2022 Nov 17 09:50:13 PM","2026 Apr 18 10:23:38 AM"
"101","15335","26003000","PIERCE ST","Pierce Street and Page Street","PAGE ST","Raised Crosswalk","1","0","2017","2017 Jan 01 12:00:00 AM",,"Wiggle Project","Complete","5","Lower Haight","POINT (-122.433922188 37.772620311)","2022 Nov 17 09:50:13 PM","2026 Apr 18 10:23:38 AM"
"102","13456","30759000","MCCOPPIN ST","Mccoppin Street and Market Street \ Pearl Street","MARKET ST \ PEARL ST","Raised Crosswalk","1","0","0","1900 Jan 01 12:00:00 AM",,,"Complete","8","Mint Hill","POINT (-122.423973384 37.771369006)","2022 Nov 17 09:50:13 PM","2026 Apr 18 10:23:38 AM"
"103","15572","25850000","PEARL ST","Pearl Street and Pink Alley","PINK Alley","Raised Crosswalk","1","0","0","1900 Jan 01 12:00:00 AM",,,"Complete","8","Mint Hill","POINT (-122.423905706 37.770661205)","2022 Nov 17 09:50:13 PM","2026 Apr 18 10:23:38 AM"
"104","15324","25989000","STEINER ST","Steiner Street and Hermann Street","HERMANN ST","Raised Crosswalk","1","9","2016","2016 Sep 01 12:00:00 AM",,"Wiggle Project","Complete","8","Duboce Triangle","POINT (-122.431717012 37.770034859)","2022 Nov 17 09:50:13 PM","2026 Apr 18 10:23:38 AM"
"105","15326","25991000","STEINER ST","Steiner Street and Waller Street","WALLER ST","Raised Crosswalk","1","0","2017","2017 Jan 01 12:00:00 AM",,"Wiggle Project","Complete","5","Duboce Triangle","POINT (-122.431904324 37.770964426)","2022 Nov 17 09:50:13 PM","2026 Apr 18 10:23:38 AM"
"106","15331","25996000","WALLER ST","Waller Street and Pierce Street","PIERCE ST","Raised Crosswalk","1","0","2017","2017 Jan 01 12:00:00 AM",,,"Complete","5","Duboce Triangle","POINT (-122.43354716 37.770755232)","2022 Nov 17 09:50:13 PM","2026 Apr 18 10:23:38 AM"
"107","15351","26023000","SCOTT ST","Scott Street and Lloyd Street","LLOYD ST","Raised Crosswalk","1","0","0","1900 Jan 01 12:00:00 AM",,,"Complete","8","Duboce Triangle","POINT (-122.435052314 37.769898394)","2022 Nov 17 09:50:13 PM","2026 Apr 18 10:23:38 AM"
"108","16550","24494000","01ST ST","1st Street and Harrison Street \ I-80 E On Ramp","HARRISON ST \ I-80 E ON RAMP","Raised Crosswalk","1","0","0","1900 Jan 01 12:00:00 AM",,,"Complete","6","Rincon Hill","POINT (-122.392936685 37.786067532)","2022 Nov 17 09:50:13 PM","2026 Apr 18 10:23:38 AM"
"109","12519","50091000","DELANCEY ST","Delancey Street and End","End","Raised Crosswalk","1","0","0","1900 Jan 01 12:00:00 AM",,,"Complete","6","South Beach","POINT (-122.388914394 37.782869893)","2022 Nov 17 09:50:13 PM","2026 Apr 18 10:23:38 AM"
"110","16543","24483000","02nd ST","2nd Street and De Boom Street","DE BOOM ST","Raised Crosswalk","1","2","2020","2020 Feb 01 12:00:00 AM",,"PW Second St Infrastructure Improvements","Complete","6","South Beach","POINT (-122.392612644 37.782274049)","2022 Nov 17 09:50:13 PM","2026 Apr 18 10:23:38 AM"
"111","16545","24486000","02nd ST","2nd Street and Federal Street","FEDERAL ST","Raised Crosswalk","1","3","2020","2020 Mar 01 12:00:00 AM","<Null>","PW Second Street Infrastructure Improvements","Complete","6","South Beach","POINT (-122.393082476 37.782649666)","2022 Nov 17 09:50:13 PM","2026 Apr 18 10:23:38 AM"
"112","16546","24489000","02nd ST","2nd Street and Taber Place","TABER PL","Raised Crosswalk","1","5","2020","2020 May 01 12:00:00 AM",,"PW Second St Infrastructure Improvements","Complete","6","South Beach","POINT (-122.39329722 37.782821345)","2022 Nov 17 09:50:13 PM","2026 Apr 18 10:23:38 AM"
"113","17077","23806000","STANFORD ST","Stanford Street and Brannan Street","BRANNAN ST","Raised Crosswalk","1","0","0","1900 Jan 01 12:00:00 AM",,,"Complete","6","South Beach","POINT (-122.392613082 37.781422887)","2022 Nov 17 09:50:13 PM","2026 Apr 18 10:23:38 AM"
"114","16405","24539000","02nd ST","2nd Street and Tehama Street","TEHAMA ST","Raised Crosswalk","2","0","0","1900 Jan 01 12:00:00 AM",,,"Complete","6","South of Market","POINT (-122.397704485 37.786338615)","2022 Nov 17 09:50:13 PM","2026 Apr 18 10:23:38 AM"
"115","16409","24543000","02nd ST","2nd Street and Natoma Street","NATOMA ST","Raised Crosswalk","2","0","0","1900 Jan 01 12:00:00 AM",,,"Complete","6","South of Market","POINT (-122.3987896 37.787203464)","2022 Nov 17 09:50:13 PM","2026 Apr 18 10:23:38 AM"
"116","16444","24594000","02nd ST","2nd Street and Minna Street","MINNA ST","Raised Crosswalk","2","0","0","1900 Jan 01 12:00:00 AM",,,"Complete","6","South of Market","POINT (-122.399255049 37.787579277)","2022 Nov 17 09:50:13 PM","2026 Apr 18 10:23:38 AM"
"117","16584","24535000","02nd ST","2nd Street and Clementina Street","CLEMENTINA ST","Raised Crosswalk","1","0","0","1900 Jan 01 12:00:00 AM",,,"Complete","6","South of Market","POINT (-122.39723446 37.785963991)","2022 Nov 17 09:50:13 PM","2026 Apr 18 10:23:38 AM"
"118","16660","24390000","OTIS ST","Otis Street and Gough Street \ Mccoppin Street","GOUGH ST \ MCCOPPIN ST","Traffic Island","0","0","0","1900 Jan 01 12:00:00 AM",,,"Complete","6","South of Market","POINT (-122.420344368 37.77177025)","2022 Nov 17 09:50:13 PM","2026 Apr 18 10:23:38 AM"
"119","16661","24392000","MCCOPPIN ST","Mccoppin Street and Jessie Street","JESSIE ST","Raised Crosswalk","1","0","0","1900 Jan 01 12:00:00 AM",,,"Complete","6","South of Market","POINT (-122.421110073 37.771680074)","2022 Nov 17 09:50:13 PM","2026 Apr 18 10:23:38 AM"
"120","16672","24406000","MCCOPPIN ST","Mccoppin Street and Streetevenson Street","STEVENSON ST","Raised Crosswalk","1","0","0","1900 Jan 01 12:00:00 AM",,,"Complete","6","South of Market","POINT (-122.421747665 37.771641823)","2022 Nov 17 09:50:13 PM","2026 Apr 18 10:23:38 AM"
"121","16718","24233000","FOLSOM ST","Folsom Street and 10th Street","10TH ST","Left Turn Traffic Calming","1","8","2020","2020 Aug 01 12:00:00 AM","<Null>","Left Turn Traffic Calming","Complete","6","South of Market","POINT (-122.412824226 37.77281216)","2022 Nov 17 09:50:13 PM","2026 Apr 18 10:23:38 AM"
"122","16738","24257000","07TH ST","7th Street and Cleveland Street","CLEVELAnd ST","Raised Crosswalk","1","0","0","1900 Jan 01 12:00:00 AM",,,"Complete","6","South of Market","POINT (-122.407289658 37.776305953)","2022 Nov 17 09:50:13 PM","2026 Apr 18 10:23:38 AM"
"123","16754","24280000","TEHAMA ST","Tehama Street and 6th Street","06TH ST","Raised Crosswalk","1","0","0","1900 Jan 01 12:00:00 AM",,,"Complete","6","South of Market","POINT (-122.4066282 37.779314675)","2022 Nov 17 09:50:13 PM","2026 Apr 18 10:23:38 AM"
"124","16755","24281000","HARRIET ST","Harriet Street and Howard Street","HOWARD ST","Raised Crosswalk","1","0","0","1900 Jan 01 12:00:00 AM",,,"Complete","6","South of Market","POINT (-122.407691083 37.779318461)","2022 Nov 17 09:50:13 PM","2026 Apr 18 10:23:38 AM"
"125","16756","24282000","NATOMA ST","Natoma Street and 6th Street","06TH ST","Raised Crosswalk","1","0","0","1900 Jan 01 12:00:00 AM",,,"Complete","6","South of Market","POINT (-122.407691415 37.780162026)","2022 Nov 17 09:50:13 PM","2026 Apr 18 10:23:38 AM"
"126","16759","24285000","06TH ST","6th Street and Minna Street","MINNA ST","Raised Crosswalk","1","0","0","1900 Jan 01 12:00:00 AM",,,"Complete","6","South of Market","POINT (-122.408160793 37.780535387)","2022 Nov 17 09:50:13 PM","2026 Apr 18 10:23:38 AM"
"127","16763","24289000","NATOMA ST","Natoma Street and 7th Street","07TH ST","Raised Crosswalk","1","0","0","1900 Jan 01 12:00:00 AM",,,"Complete","6","South of Market","POINT (-122.40993824 37.778416282)","2022 Nov 17 09:50:13 PM","2026 Apr 18 10:23:38 AM"
"128","16765","24291000","MINNA ST","Minna Street and 7th Street","07TH ST","Raised Crosswalk","1","0","0","1900 Jan 01 12:00:00 AM",,,"Complete","6","South of Market","POINT (-122.410401493 37.778785373)","2022 Nov 17 09:50:13 PM","2026 Apr 18 10:23:38 AM"
"129","16766","24292000","RUSS ST","Russ Street and Minna Street","MINNA ST","Raised Crosswalk","2","0","0","1900 Jan 01 12:00:00 AM",,,"Complete","6","South of Market","POINT (-122.409283403 37.779657752)","2022 Nov 17 09:50:13 PM","2026 Apr 18 10:23:38 AM"
"130","16971","23904000","04TH ST","4th Street and Perry Street","PERRY ST","Raised Crosswalk","1","0","0","1900 Jan 01 12:00:00 AM",,,"Complete","6","South of Market","POINT (-122.399079634 37.780362888)","2022 Nov 17 09:50:13 PM","2026 Apr 18 10:23:38 AM"
"131","16975","23910000","CLARA ST","Clara Street and 5th Street","05TH ST","Raised Crosswalk","1","0","0","1900 Jan 01 12:00:00 AM",,,"Complete","6","South of Market","POINT (-122.402377492 37.779458716)","2022 Nov 17 09:50:13 PM","2026 Apr 18 10:23:38 AM"
"132","16986","23922000","CLARA ST","Clara Street and 6th Street","06TH ST","Raised Crosswalk","1","0","0","1900 Jan 01 12:00:00 AM",,,"Complete","6","South of Market","POINT (-122.404605506 37.777699659)","2022 Nov 17 09:50:13 PM","2026 Apr 18 10:23:38 AM"
"133","16987","23924000","HARRIET ST","Harriet Street and Folsom Street","FOLSOM ST","Raised Crosswalk","1","0","0","1900 Jan 01 12:00:00 AM",,,"Complete","6","South of Market","POINT (-122.406150425 37.778082382)","2022 Nov 17 09:50:13 PM","2026 Apr 18 10:23:38 AM"
"134","16995","23932000","MORRIS ST","Morris Street and Harrison Street","HARRISON ST","Speed Radar Sign","0","0","0","1900 Jan 01 12:00:00 AM",,,"Complete","6","South of Market","POINT (-122.403529642 37.777699827)","2022 Nov 17 09:50:13 PM","2026 Apr 18 10:23:38 AM"
"135","16996","23933000","SHIPLEY ST","Shipley Street and 6th Street","06TH ST","Raised Crosswalk","1","0","0","1900 Jan 01 12:00:00 AM",,,"Complete","6","South of Market","POINT (-122.405068509 37.778068981)","2022 Nov 17 09:50:13 PM","2026 Apr 18 10:23:38 AM"
"136","16998","23935000","SHIPLEY ST","Shipley Street and 5th Street","05TH ST","Raised Crosswalk","2","0","0","1900 Jan 01 12:00:00 AM",,,"Complete","6","South of Market","POINT (-122.402840618 37.779828524)","2022 Nov 17 09:50:13 PM","2026 Apr 18 10:23:38 AM"
"137","17094","23825000","LUSK ST","Lusk Street and Townsend Street","TOWNSEnd ST","Raised Crosswalk","1","0","0","1900 Jan 01 12:00:00 AM",,,"Complete","6","South of Market","POINT (-122.393857286 37.777977132)","2022 Nov 17 09:50:13 PM","2026 Apr 18 10:23:38 AM"
"138","15573","25853000","VALENCIA ST","Valencia Street and Mccoppin Street","MCCOPPIN ST","Traffic Island","0","0","0","1900 Jan 01 12:00:00 AM",,,"Complete","6","South of Market","POINT (-122.422526345 37.771595103)","2022 Nov 17 09:50:13 PM","2026 Apr 18 10:23:38 AM"
"139","12781","33620000","DIVISION ST","Division Street and 8th Street","08TH ST","Traffic Circle","1","0","0","1900 Jan 01 12:00:00 AM",,,"Complete","6","Showplace Square","POINT (-122.403406518 37.7698071)","2022 Nov 17 09:50:13 PM","2026 Apr 18 10:23:38 AM"
"140","17132","23871000","TOWNSEnd ST","Townsend Street and 8th Street","08TH ST","Traffic Circle","1","2","1986","1986 Feb 01 12:00:00 AM","FY 1985-1986",,"Complete","6","Showplace Square","POINT (-122.403877701 37.770062866)","2023 Aug 17 03:49:05 PM","2026 Apr 18 10:23:38 AM"
"141","9973","35050000","MISSION BAY CIR","Mission Bay Cir and End","End","Traffic Circle","1","9","2014","2014 Sep 01 12:00:00 AM",,,"Complete","6","Mission Bay","POINT (-122.395986563 37.770297064)","2022 Nov 17 09:50:13 PM","2026 Apr 18 10:23:38 AM"
"142","12587","34186000","MISSION BAY Drive","Mission Bay Drive and 7th Street","07TH ST","Left Turn Traffic Calming","1","8","2020","2020 Aug 01 12:00:00 AM","<Null>","Left Turn Traffic Calming","Complete","6","Mission Bay","POINT (-122.398617492 37.769390865)","2022 Nov 17 09:50:13 PM","2026 Apr 18 10:23:38 AM"
"143","15604","25682000","CUMBERLAnd ST","Cumberland Street and Dolores Street","DOLORES","Raised Crosswalk","1","6","2021","2021 Jun 01 12:00:00 AM","<Null>","D8 CRT","Complete","8","Mission Dolores","POINT (-122.425843422 37.759029398)","2022 Nov 17 09:50:13 PM","2026 Apr 18 10:23:38 AM"
"144","14146","27367000","KIRKHAM ST","Kirkham Street and 20th Avenue","20TH AVE","Traffic Circle","1","0","2020","2020 Jan 01 12:00:00 AM","<Null>","20th Ave Neighborway","Complete","4","Outer Sunset","POINT (-122.47793668 37.759784494)","2022 Nov 17 09:50:13 PM","2026 Apr 18 10:23:38 AM"
"145","14160","27381000","NORIEGA ST","Noriega Street and 23rd Avenue","23RD AVE","Traffic Island","1","0","0","1900 Jan 01 12:00:00 AM","FY 2008-2009",,"Complete","4","Outer Sunset","POINT (-122.480758582 37.754051474)","2022 Nov 17 09:50:13 PM","2026 Apr 18 10:23:38 AM"
"146","14162","27383000","ORTEGA ST","Ortega Street and 25th Avenue","25TH AVE","Traffic Island","1","7","2013","2013 Jul 01 12:00:00 AM","FY 2013-2014","Site Specific","Complete","4","Outer Sunset","POINT (-122.482769583 37.752092895)","2022 Nov 17 09:50:13 PM","2026 Apr 18 10:23:38 AM"
"147","14172","27393000","ORTEGA ST","Ortega Street and 26th Avenue","26TH AVE","Traffic Island","1","7","2013","2013 Jul 01 12:00:00 AM","FY 2013-2014","Site Specific","Complete","4","Outer Sunset","POINT (-122.483844156 37.752045462)","2022 Nov 17 09:50:13 PM","2026 Apr 18 10:23:38 AM"
"148","14173","27394000","NORIEGA ST","Noriega Street and 26th Avenue","26TH AVE","Traffic Island","1","0","0","1900 Jan 01 12:00:00 AM","FY 2008-2009",,"Complete","4","Outer Sunset","POINT (-122.483973963 37.753909915)","2022 Nov 17 09:50:13 PM","2026 Apr 18 10:23:38 AM"
"149","14174","27395000","ORTEGA ST","Ortega Street and 27th Avenue","27TH AVE","Traffic Island","0","7","2013","2013 Jul 01 12:00:00 AM","FY 2013-2014","Site Specific","Complete","4","Outer Sunset","POINT (-122.484914851 37.751998192)","2022 Nov 17 09:50:13 PM","2026 Apr 18 10:23:38 AM"
"150","13575","27943000","MORAGA ST","Moraga Street and Great Highway","GREAT HWY","Speed Table","1","3","2021","2021 Mar 01 12:00:00 AM","<Null>","Great Highway Traffic Management","Complete","4","Outer Sunset","POINT (-122.508679285 37.754691735)","2022 Nov 17 09:50:13 PM","2026 Apr 18 10:23:38 AM"
"151","13594","27962000","IRVING ST","Irving Street and Great Hwy","GREAT HWY","Speed Table","1","12","2020","2020 Dec 01 12:00:00 AM","<Null>","Lower Great Highway Safety Project","Complete","4","Outer Sunset","POINT (-122.509622174 37.762127288)","2022 Nov 17 09:50:13 PM","2026 Apr 18 10:23:38 AM"
"152","13742","27926000","ORTEGA ST","Ortega Street and Great Hwy","GREAT HWY","Speed Table","1","12","2020","2020 Dec 01 12:00:00 AM","<Null>","Lower Great Highway Safety Project","Complete","4","Outer Sunset","POINT (-122.508186651 37.7509682)","2022 Nov 17 09:50:13 PM","2026 Apr 18 10:23:38 AM"
"153","13743","27927000","NORIEGA ST","Noriega Street and 47th Avenue","47TH AVE","Traffic Island","1","0","0","1900 Jan 01 12:00:00 AM","FY 2008-2009",,"Complete","4","Outer Sunset","POINT (-122.506476342 37.752916763)","2022 Nov 17 09:50:13 PM","2026 Apr 18 10:23:38 AM"
"154","13757","27749000","38TH AVE","38th Avenue and Noriega Street","NORIEGA ST","Traffic Island","1","0","0","1900 Jan 01 12:00:00 AM","FY 2008-2009",,"Complete","4","Outer Sunset","POINT (-122.496834943 37.753342819)","2022 Nov 17 09:50:13 PM","2026 Apr 18 10:23:38 AM"
"155","13759","27751000","NORIEGA ST","Noriega Street and 39Th Avenue","39TH AVE","Traffic Island","1","0","0","1900 Jan 01 12:00:00 AM","FY 2008-2009",,"Complete","4","Outer Sunset","POINT (-122.497902528 37.753295682)","2022 Nov 17 09:50:13 PM","2026 Apr 18 10:23:38 AM"
"156","13764","27756000","NORIEGA ST","Noriega Street and 41St Avenue","41ST AVE","Traffic Island","1","0","0","1900 Jan 01 12:00:00 AM","FY 2008-2009",,"Complete","4","Outer Sunset","POINT (-122.500044866 37.75320106)","2022 Nov 17 09:50:13 PM","2026 Apr 18 10:23:38 AM"
"157","13775","27767000","NORIEGA ST","Noriega Street and 43rd Avenue","43RD AVE","Traffic Island","1","0","0","1900 Jan 01 12:00:00 AM","FY 2008-2009",,"Complete","4","Outer Sunset","POINT (-122.50219102 37.75310623)","2022 Nov 17 09:50:13 PM","2026 Apr 18 10:23:38 AM"
"158","13873","27679000","NORIEGA ST","Noriega Street and 32nd Avenue","32nd AVE","Traffic Island","1","0","0","1900 Jan 01 12:00:00 AM","FY 2008-2009",,"Complete","4","Outer Sunset","POINT (-122.490400614 37.753626713)","2022 Nov 17 09:50:13 PM","2026 Apr 18 10:23:38 AM"
"159","13874","27680000","NORIEGA ST","Noriega Street and 33rd Avenue","33RD AVE","Traffic Island","1","0","0","1900 Jan 01 12:00:00 AM","FY 2008-2009",,"Complete","4","Outer Sunset","POINT (-122.491475166 37.753579326)","2022 Nov 17 09:50:13 PM","2026 Apr 18 10:23:38 AM"
"160","13886","27692000","NORIEGA ST","Noriega Street and 35th Avenue","35TH AVE","Traffic Island","1","0","0","1900 Jan 01 12:00:00 AM","FY 2008-2009",,"Complete","4","Outer Sunset","POINT (-122.493618542 37.753484776)","2022 Nov 17 09:50:13 PM","2026 Apr 18 10:23:38 AM"
"161","17370","23505000","ULLOA ST","Ulloa Street and 48th Avenue \ Great Hwy","48TH AVE \ GREAT HWY","Speed Table","1","1","2021","2021 Jan 01 12:00:00 AM","<Null>","Lower Great Highway Safety Project","Complete","4","Outer Sunset","POINT (-122.506675737 37.739812384)","2022 Nov 17 09:50:13 PM","2026 Apr 18 10:23:38 AM"
"162","17538","23281000","RIVERA ST","Rivera Street and 28th Avenue","28TH AVE","Traffic Circle","1","6","2014","2014 Jun 01 12:00:00 AM","FY 2013-2014",,"Complete","4","Parkside","POINT (-122.485597321 37.746354086)","2022 Nov 17 09:50:13 PM","2026 Apr 18 10:23:38 AM"
"163","17586","23342000","WAWONA ST","Wawona Street and 34th Avenue \ Crestlake Drive","34TH AVE \ CRESTLAKE Drive","Traffic Island","0","0","0","1900 Jan 01 12:00:00 AM","FY 2011-2012","Areawide","Complete","4","Parkside","POINT (-122.491334899 37.737293023)","2022 Nov 17 09:50:13 PM","2026 Apr 18 10:23:38 AM"
"164","17617","23171000","ULLOA ST","Ulloa Street and 20th Avenue","20TH AVE","Traffic Circle","1","0","2020","2020 Jan 01 12:00:00 AM","<Null>","20th Ave Neighborway","Complete","4","Parkside","POINT (-122.476630049 37.741138227)","2022 Nov 17 09:50:13 PM","2026 Apr 18 10:23:38 AM"
"165","12843","33483000","GRIJALVA Drive","Grijalva Drive and Gonzalez Drive","GONZALEZ Drive","Traffic Circle","1","0","0","1900 Jan 01 12:00:00 AM",,,"Complete","7","Parkmerced","POINT (-122.479185486 37.716375223)","2022 Nov 17 09:50:13 PM","2026 Apr 18 10:23:38 AM"
"166","12844","33484000","HOLLOWAY AVE","Holloway Avenue and Font Boulevard \ Tapia Drive","FONT BLVD \ TAPIA Drive","Traffic Circle","1","0","0","1900 Jan 01 12:00:00 AM",,,"Complete","7","Parkmerced","POINT (-122.481058032 37.720702728)","2022 Nov 17 09:50:13 PM","2026 Apr 18 10:23:38 AM"
"167","12845","33485000","TAPIA Drive","Tapia Drive and Arballo Drive \ Font Boulevard","ARBALLO Drive \ FONT BLVD","Traffic Circle","1","0","0","1900 Jan 01 12:00:00 AM",,,"Complete","7","Parkmerced","POINT (-122.482305621 37.721784687)","2022 Nov 17 09:50:13 PM","2026 Apr 18 10:23:38 AM"
"168","12849","33489000","CRESPI Drive","Crespi Drive and End","End","Traffic Circle","1","0","0","1900 Jan 01 12:00:00 AM",,,"Complete","7","Parkmerced","POINT (-122.476032666 37.719745356)","2023 Aug 17 03:45:01 PM","2026 Apr 18 10:23:38 AM"
"169","12850","33490000","SERRANO Drive","Serrano Drive and Crespi Drive \ Gonzalez Drive","CRESPI Drive \ GONZALEZ Drive","Traffic Circle","1","0","0","1900 Jan 01 12:00:00 AM",,,"Complete","7","Parkmerced","POINT (-122.475739977 37.720005351)","2022 Nov 17 09:50:13 PM","2026 Apr 18 10:23:38 AM"
"170","13024","33479000","FONT BLVD","Font Boulevard and Chumasero Drive","CHUMASERO Drive","Traffic Circle","1","0","0","1900 Jan 01 12:00:00 AM",,,"Complete","7","Parkmerced","POINT (-122.472990958 37.715011389)","2022 Nov 17 09:50:13 PM","2026 Apr 18 10:23:38 AM"
"171","13025","33480000","FONT BLVD","Font Boulevard and Cambon Drive","CAMBON Drive","Traffic Circle","1","0","0","1900 Jan 01 12:00:00 AM",,,"Complete","7","Parkmerced","POINT (-122.474446428 37.715895869)","2022 Nov 17 09:50:13 PM","2026 Apr 18 10:23:38 AM"
"172","13026","33481000","GONZALEZ Drive","Gonzalez Drive and Font Boulevard","FONT BLVD","Traffic Circle","1","0","0","1900 Jan 01 12:00:00 AM",,,"Complete","7","Parkmerced","POINT (-122.475918428 37.716787779)","2022 Nov 17 09:50:13 PM","2026 Apr 18 10:23:38 AM"
"173","17699","23049000","GONZALEZ Drive","Gonzalez Drive and Bucareli Drive","BUCARELI Drive","Traffic Circle","1","0","0","1900 Jan 01 12:00:00 AM",,,"Complete","7","Parkmerced","POINT (-122.479980746 37.71694234)","2022 Nov 17 09:50:13 PM","2026 Apr 18 10:23:38 AM"
"174","17737","23095000","SERRANO Drive","Serrano Drive and Font Boulevard","FONT BLVD","Traffic Circle","1","0","0","1900 Jan 01 12:00:00 AM",,,"Complete","7","Parkmerced","POINT (-122.479753557 37.719573059)","2022 Nov 17 09:50:13 PM","2026 Apr 18 10:23:38 AM"
"175","17849","23003000","RIVERA ST","Rivera Street and 15th Avenue","15TH AVE","Traffic Island","2","5","2017","2017 May 01 12:00:00 AM",,"2016 Backlog Islands","Complete","7","Golden Gate Heights","POINT (-122.471619615 37.746970967)","2022 Nov 17 09:50:13 PM","2026 Apr 18 10:23:38 AM"
"176","17802","22945000","WAWONA ST","Wawona Street and Vicente Street","VICENTE ST","Speed Hump","1","10","2008","2008 Oct 01 12:00:00 AM","FY 2008-2009","Areawide","Complete","7","West Portal","POINT (-122.467996973 37.740005654)","2022 Nov 17 09:50:13 PM","2026 Apr 18 10:23:38 AM"
"177","17805","22948000","MADRONE AVE","Madrone Avenue and Ulloa Street","ULLOA ST","Speed Radar Sign","2","7","2016","2016 Jul 01 12:00:00 AM",,,"Complete","7","West Portal","POINT (-122.467630536 37.741503089)","2022 Nov 17 09:50:13 PM","2026 Apr 18 10:23:38 AM"
"178","17806","22949000","VICENTE ST","Vicente Street and 14th Avenue","14TH AVE","Speed Hump","0","0","2010","2010 Jan 01 12:00:00 AM",,,"Complete","7","West Portal","POINT (-122.469975198 37.739564328)","2022 Nov 17 09:50:13 PM","2026 Apr 18 10:23:38 AM"
"179","10235","20046000","KIRKWOOD AVE","Kirkwood Avenue and Dormitory Rd \ Kiska Rd","DORMITORY RD \ KISKA RD","Choker","1","6","2008","2008 Jun 01 12:00:00 AM","FY 2007-2008","Areawide","Complete","10","Hunters Point","POINT (-122.37492808 37.729659694)","2022 Nov 17 09:50:13 PM","2026 Apr 18 10:23:38 AM"
"180","10240","20060000","NORTHRIDGE RD","Northridge Rd and Harbor Rd","HARBOR RD","Channelization","1","0","0","1900 Jan 01 12:00:00 AM","FY 2004-2005","Site Specific","Complete","10","Hunters Point","POINT (-122.376999545 37.731009871)","2022 Nov 17 09:50:13 PM","2026 Apr 18 10:23:38 AM"
"181","13165","33128000","KIRKWOOD AVE","Kirkwood Avenue and Earl Street","EARL ST","Traffic Circle","1","10","2005","2005 Oct 01 12:00:00 AM","FY 2004-2005","Site Specific","Complete","10","Hunters Point","POINT (-122.373157914 37.728638538)","2022 Nov 17 09:50:13 PM","2026 Apr 18 10:23:38 AM"
"182","19184","21253000","WINFIELD ST","Winfield Street and Cortland Avenue","CORTLAnd AVE","Raised Crosswalk","1","0","0","1900 Jan 01 12:00:00 AM",,,"Complete","9","Bernal Heights","POINT (-122.420275045 37.739984557)","2022 Nov 17 09:50:13 PM","2026 Apr 18 10:23:38 AM"
"183","19234","21319000","VIRGINIA AVE","Virginia Avenue and Coleridge Street","COLERIDGE ST","Traffic Island","1","3","2006","2006 Mar 01 12:00:00 AM","FY 2004-2005","Site Specific","Complete","9","Bernal Heights","POINT (-122.420386697 37.742678715)","2022 Nov 17 09:50:13 PM","2026 Apr 18 10:23:38 AM"
"184","19274","21140000","PRECITA AVE","Precita Avenue and Alabama Street","ALABAMA ST","Traffic Island","1","12","2006","2006 Dec 01 12:00:00 AM","FY 2005-2006","Site Specific","Complete","9","Bernal Heights","POINT (-122.410495199 37.747354199)","2022 Nov 17 09:50:13 PM","2026 Apr 18 10:23:38 AM"
"185","19283","21150000","HARRISON ST","Harrison Street and Ripley Street","RIPLEY ST","Raised Crosswalk","1","0","0","1900 Jan 01 12:00:00 AM",,,"Complete","9","Bernal Heights","POINT (-122.411357918 37.744266261)","2022 Nov 17 09:50:13 PM","2026 Apr 18 10:23:38 AM"
"186","10336","20193000","HUDSON AVE","Hudson Avenue and Reuel Ct","REUEL CT","Raised Crosswalk","1","10","2017","2017 Oct 01 12:00:00 AM","FY 2015-2016","Backlog","Complete","10","Bayview","POINT (-122.383637861 37.736604528)","2022 Nov 17 09:50:13 PM","2026 Apr 18 10:23:38 AM"
"187","10337","20196000","NEWCOMB AVE","Newcomb Avenue and La Salle Avenue","LA SALLE AVE","Traffic Circle","1","5","2006","2006 May 01 12:00:00 AM","FY 2004-2005","Site Specific","Complete","10","Bayview","POINT (-122.385001539 37.733070821)","2022 Nov 17 09:50:13 PM","2026 Apr 18 10:23:38 AM"
"188","10338","20197000","NEWCOMB AVE","Newcomb Avenue and Keith Street","KEITH ST","Speed Table","1","9","2024","2024 Sep 01 12:00:00 AM","<Null>","TC Program R1-1 Compliance Study","Complete","10","Bayview","POINT (-122.386045541 37.733103479)","2024 Oct 02 04:50:59 PM","2026 Apr 18 10:23:38 AM"
"189","10339","20198000","LA SALLE AVE","La Salle Avenue and Cashmere Street","CASHMERE ST","Traffic Circle","1","6","2006","2006 Jun 01 12:00:00 AM","FY 2004-2005","Site Specific","Complete","10","Bayview","POINT (-122.387175616 37.735661608)","2022 Nov 17 09:50:13 PM","2026 Apr 18 10:23:38 AM"
"190","10340","20200000","WHITNEY YOUNG CIR","Whitney Young Cir and Cashmere Street \ Dedman Ct","CASHMERE ST \ DEDMAN CT","Traffic Circle","1","5","2006","2006 May 01 12:00:00 AM","FY 2004-2005","Site Specific","Complete","10","Bayview","POINT (-122.38571301 37.736601129)","2022 Nov 17 09:50:13 PM","2026 Apr 18 10:23:38 AM"
"191","10341","20201000","KEITH ST","Keith Street and Hudson Avenue","HUDSON AVE","Raised Crosswalk","1","10","2017","2017 Oct 01 12:00:00 AM","FY 2015-2016","Backlog","Complete","10","Bayview","POINT (-122.384046509 37.737514216)","2022 Nov 17 09:50:13 PM","2026 Apr 18 10:23:38 AM"
"192","10347","20208000","NEWCOMB AVE","Newcomb Avenue and Lane Street","LANE ST","Speed Table","1","7","2024","2024 Jul 01 12:00:00 AM","<Null>","TC Program R1-1 Compliance Study","Complete","10","Bayview","POINT (-122.387909634 37.734170464)","2025 Mar 21 04:51:47 PM","2026 Apr 18 10:23:38 AM"
"193","10704","20661000","NEWCOMB AVE","Newcomb Avenue and Mendell Street","MENDELL ST","Raised Crosswalk","2","6","2024","2024 Jun 01 12:00:00 AM","<Null>","D10 CRT","Complete","10","Bayview","POINT (-122.389770837 37.735224883)","2024 Jul 17 07:37:52 PM","2026 Apr 18 10:23:38 AM"
"194","10709","20666000","NEWHALL ST","Newhall Street and Newcomb Avenue","NEWCOMB AVE","Raised Crosswalk","1","0","0","1900 Jan 01 12:00:00 AM",,,"Complete","10","Bayview","POINT (-122.391647568 37.73628804)","2022 Nov 17 09:50:13 PM","2026 Apr 18 10:23:38 AM"
"195","10717","20674000","PHELPS ST","Phelps Street and Newcomb Avenue","NEWCOMB AVE","Raised Crosswalk","1","0","0","1900 Jan 01 12:00:00 AM",,,"Complete","10","Bayview","POINT (-122.393523632 37.737350758)","2022 Nov 17 09:50:13 PM","2026 Apr 18 10:23:38 AM"
"196","10575","20739000","SILVER AVE","Silver Avenue and Ledyard Street","LEDYARD ST","Raised Crosswalk","1","0","0","1900 Jan 01 12:00:00 AM",,,"Complete","10","Silver Terrace","POINT (-122.402855866 37.734073204)","2022 Nov 17 09:50:13 PM","2026 Apr 18 10:23:38 AM"
"197","10723","20681000","PALOU AVE","Palou Avenue and Dunshee Street","DUNSHEE ST","Raised Crosswalk","1","0","0","1900 Jan 01 12:00:00 AM",,,"Complete","10","Silver Terrace","POINT (-122.395685627 37.736686284)","2022 Nov 17 09:50:13 PM","2026 Apr 18 10:23:38 AM"
"198","10523","20448000","INGALLS ST","Ingalls Street and Fitzgerald Avenue","FITZGERALD AVE","Traffic Island","2","3","2007","2007 Mar 01 12:00:00 AM","FY 2004-2005","Site Specific","Complete","10","Bret Harte","POINT (-122.391306489 37.720975987)","2022 Nov 17 09:50:13 PM","2026 Apr 18 10:23:38 AM"
"199","10697","20653000","BRUSSELS ST","Brussels Street and Burrows Street","BURROWS ST","Raised Crosswalk","1","3","2021","2021 Mar 01 12:00:00 AM","FY 2017-2018","App-Based","Complete","9","Portola","POINT (-122.406081372 37.728315239)","2022 Nov 17 09:50:13 PM","2026 Apr 18 10:23:38 AM"
"200","18731","21818000","JUSTIN Drive","Justin Drive and College Avenue \ Genebern Way","COLLEGE AVE \ GENEBERN WAY","Traffic Circle","1","3","2004","2004 Mar 01 12:00:00 AM","FY 2004-2005","Site Specific","Complete","9","St. Mary's Park","POINT (-122.423852324 37.734563373)","2022 Nov 17 09:50:13 PM","2026 Apr 18 10:23:38 AM"
"201","18763","21862000","SAN JOSE AVE","San Jose Avenue and Rousseau Street","ROUSSEAU ST","Speed Hump","1","11","2021","2021 Nov 01 12:00:00 AM","<Null>","Misc Traffic Calming","Complete","8","St. Mary's Park","POINT (-122.430368501 37.733932558)","2022 Nov 17 09:50:13 PM","2026 Apr 18 10:23:38 AM"
"202","18765","21865000","SAN JOSE AVE","San Jose Avenue and Street Marys Avenue","ST MARYS AVE","Speed Hump","1","11","2021","2021 Nov 01 12:00:00 AM","<Null>","Misc Traffic Calming","Complete","8","St. Mary's Park","POINT (-122.428436981 37.73495095)","2022 Nov 17 09:50:13 PM","2026 Apr 18 10:23:38 AM"
"203","18967","21675000","BENTON AVE","Benton Avenue and Genebern Way","GENEBERN WAY","Traffic Circle","1","3","2006","2006 Mar 01 12:00:00 AM","FY 2004-2005","Site Specific","Complete","9","St. Mary's Park","POINT (-122.425153952 37.732839774)","2022 Nov 17 09:50:13 PM","2026 Apr 18 10:23:38 AM"
"204","18672","21965000","JOOST AVE","Joost Avenue and Lippard Avenue","LIPPARD AVE","Traffic Island","0","0","0","1900 Jan 01 12:00:00 AM","FY 2011-2012","Areawide","Complete","8","Sunnyside","POINT (-122.436238357 37.732382388)","2022 Nov 17 09:50:13 PM","2026 Apr 18 10:23:38 AM"
"205","18440","22132000","HEARST AVE","Hearst Avenue and Baden Street","BADEN ST","Traffic Circle","1","7","2016","2016 Jul 01 12:00:00 AM","FY 2011-2012","TC Implementation","Complete","7","Sunnyside","POINT (-122.439737346 37.730732907)","2022 Nov 17 09:50:13 PM","2026 Apr 18 10:23:38 AM"
"206","18685","21983000","MIZPAH ST","Mizpah Street and Chenery Street \ Surrey Street","CHENERY ST \ SURREY ST","Speed Hump","1","4","2021","2021 Apr 01 12:00:00 AM","FY 2019-2020","App Based","Complete","8","Glen Park","POINT (-122.438821245 37.735669449)","2022 Nov 17 09:50:13 PM","2026 Apr 18 10:23:38 AM"
"207","15014","26497000","FRANKLIN ST","Franklin Street and Fern Street","FERN ST","Raised Crosswalk","1","0","0","1900 Jan 01 12:00:00 AM",,,"Complete","2","Cathedral Hill","POINT (-122.423497973 37.787805209)","2022 Nov 17 09:50:13 PM","2026 Apr 18 10:23:38 AM"
"208","15023","26506000","AUSTIN ST","Austin Street and Gough Street","GOUGH ST","Raised Crosswalk","1","0","0","1900 Jan 01 12:00:00 AM",,,"Complete","2","Cathedral Hill","POINT (-122.425330514 37.788536281)","2022 Nov 17 09:50:13 PM","2026 Apr 18 10:23:38 AM"
"209","15964","25188000","WILLOW ST","Willow Street and Franklin Street","FRANKLIN ST","Raised Crosswalk","1","0","0","1900 Jan 01 12:00:00 AM",,,"Complete","2","Cathedral Hill","POINT (-122.422557981 37.783151428)","2022 Nov 17 09:50:13 PM","2026 Apr 18 10:23:38 AM"
"210","15970","25194000","OLIVE ST","Olive Street and Franklin Street","FRANKLIN ST","Raised Crosswalk","1","0","0","1900 Jan 01 12:00:00 AM",,,"Complete","2","Cathedral Hill","POINT (-122.42274548 37.784083676)","2022 Nov 17 09:50:13 PM","2026 Apr 18 10:23:38 AM"
"211","14930","26603000","WILMOT ST","Wilmot Street and Webster Street","WEBSTER ST","Raised Crosswalk","1","0","0","1900 Jan 01 12:00:00 AM",,,"Complete","5","Japantown","POINT (-122.431909854 37.787696842)","2022 Nov 17 09:50:13 PM","2026 Apr 18 10:23:38 AM"
"212","14872","26542000","SACRAMENTO ST","Sacramento Street and Gough Street","GOUGH ST","Left Turn Traffic Calming","1","8","2020","2020 Aug 01 12:00:00 AM","<Null>","Left Turn Traffic Calming","Complete","2","Pacific Heights","POINT (-122.425802144 37.790874428)","2022 Nov 17 09:50:13 PM","2026 Apr 18 10:23:38 AM"
"213","15217","26073000","GOLDEN GATE AVE","Golden Gate Avenue and Broderick Street","BRODERICK ST","Raised Crosswalk","1","10","2022","2022 Oct 01 12:00:00 AM","<Null>","Golden Gate Ave TC","Complete","2","Western Addition","POINT (-122.440213335 37.778511464)","2022 Dec 06 11:59:45 PM","2026 Apr 18 10:23:38 AM"
"214","14914","26585000","WEBSTER ST","Webster Street and Ellis Street","ELLIS ST","Ped Refuge Island","0","0","0","1900 Jan 01 12:00:00 AM","FY 2011-2012","Areawide","Complete","5","Western Addition","POINT (-122.430797881 37.782569889)","2022 Nov 17 09:50:13 PM","2026 Apr 18 10:23:38 AM"
"215","15072","26359000","GOLDEN GATE AVE","Golden Gate Avenue and Baker Street","BAKER ST","Raised Crosswalk","1","10","2022","2022 Oct 01 12:00:00 AM","<Null>","Golden Gate Ave TC","Complete","5","Western Addition","POINT (-122.441865641 37.778299554)","2022 Dec 06 11:59:47 PM","2026 Apr 18 10:23:38 AM"
"216","15087","26374000","MCALLISTER ST","Mcallister Street and Lyon Street","LYON ST","Traffic Circle","1","2","2018","2018 Feb 01 12:00:00 AM","FY 2017-2018","5 Fulton Rapid Project","Complete","2","Western Addition","POINT (-122.443321055 37.777164446)","2022 Nov 17 09:50:13 PM","2026 Apr 18 10:23:38 AM"
"217","15088","26375000","LYON ST","Lyon Street and Golden Gate Avenue","GOLDEN GATE AVE","Speed Hump","0","1","2019","2019 Jan 01 12:00:00 AM",,,"Complete","2","Western Addition","POINT (-122.44350692 37.778089213)","2022 Nov 17 09:50:13 PM","2026 Apr 18 10:23:38 AM"
"218","16373","24746000","QUINCY ST","Quincy Street and California Street","CALIFORNIA ST","Raised Crosswalk","1","0","0","1900 Jan 01 12:00:00 AM",,,"Complete","3","Chinatown","POINT (-122.405654338 37.792486579)","2022 Nov 17 09:50:13 PM","2026 Apr 18 10:23:38 AM"
"219","16046","25050000","JACKSON ST","Jackson Street and Adele Ct","ADELE CT","Raised Crosswalk","1","0","0","1900 Jan 01 12:00:00 AM",,,"Complete","3","Chinatown","POINT (-122.40954722 37.795660708)","2022 Nov 17 09:50:13 PM","2026 Apr 18 10:23:38 AM"
"220","16052","25058000","STARK ST","Stark Street and Streetockton Street","STOCKTON ST","Raised Crosswalk","1","0","0","1900 Jan 01 12:00:00 AM",,,"Complete","3","Chinatown","POINT (-122.408557723 37.797327199)","2022 Nov 17 09:50:13 PM","2026 Apr 18 10:23:38 AM"
"221","16185","24984000","SABIN PL","Sabin Place and California Street","CALIFORNIA ST","Raised Crosswalk","1","0","0","1900 Jan 01 12:00:00 AM",,,"Complete","3","Chinatown","POINT (-122.406718234 37.792352262)","2022 Nov 17 09:50:13 PM","2026 Apr 18 10:23:38 AM"
"222","16209","25019000","SPOFFORD ST","Spofford Street and Clay Street","CLAY ST","Raised Crosswalk","1","0","0","1900 Jan 01 12:00:00 AM",,,"Complete","3","Chinatown","POINT (-122.407294006 37.794137812)","2022 Nov 17 09:50:13 PM","2026 Apr 18 10:23:38 AM"
"223","16211","25022000","WASHINGTON ST","Washington Street and Old Chinatown Lane \ Spofford Street","OLD CHINATOWN LN \ SPOFFORD ST","Raised Crosswalk","1","0","0","1900 Jan 01 12:00:00 AM",,,"Complete","3","Chinatown","POINT (-122.407485197 37.795015975)","2022 Nov 17 09:50:13 PM","2026 Apr 18 10:23:38 AM"
"224","16215","25029000","JACKSON ST","Jackson Street and Beckett Street","BECKETT ST","Raised Crosswalk","1","0","0","1900 Jan 01 12:00:00 AM",,,"Complete","3","Chinatown","POINT (-122.406350669 37.796061969)","2022 Nov 17 09:50:13 PM","2026 Apr 18 10:23:38 AM"
"225","16223","25042000","WASHINGTON ST","Washington Street and Streetone Street","STONE ST","Raised Crosswalk","1","0","0","1900 Jan 01 12:00:00 AM",,,"Complete","3","Chinatown","POINT (-122.40916435 37.794807446)","2022 Nov 17 09:50:13 PM","2026 Apr 18 10:23:38 AM"
"226","16225","25045000","TRENTON ST","Trenton Street and Jackson Street","JACKSON ST","Raised Crosswalk","1","11","2020","2020 Nov 01 12:00:00 AM","<Null>","PW Trenton Alley Improvement Project","Complete","3","Chinatown","POINT (-122.40907552 37.795720126)","2022 Nov 17 09:50:13 PM","2026 Apr 18 10:23:38 AM"
"227","13465","30769000","PRATT PL","Pratt Place and California Street","CALIFORNIA ST","Raised Crosswalk","1","0","0","1900 Jan 01 12:00:00 AM",,,"Complete","3","Nob Hill","POINT (-122.408088839 37.792179207)","2022 Nov 17 09:50:13 PM","2026 Apr 18 10:23:38 AM"
"228","16002","25236000","HELEN ST","Helen Street and California Street","CALIFORNIA ST","Raised Crosswalk","1","0","0","1900 Jan 01 12:00:00 AM",,,"Complete","3","Nob Hill","POINT (-122.41610032 37.791156273)","2022 Nov 17 09:50:13 PM","2026 Apr 18 10:23:38 AM"
"229","16003","25238000","LEROY PL","Leroy Place and Sacramento Street","SACRAMENTO ST","Raised Crosswalk","2","0","0","1900 Jan 01 12:00:00 AM",,,"Complete","3","Nob Hill","POINT (-122.415116379 37.79223757)","2022 Nov 17 09:50:13 PM","2026 Apr 18 10:23:38 AM"
"230","16007","25247000","KIMBALL PL","Kimball Place and Sacramento Street","SACRAMENTO ST","Raised Crosswalk","2","0","0","1900 Jan 01 12:00:00 AM",,,"Complete","3","Nob Hill","POINT (-122.416290649 37.792087709)","2022 Nov 17 09:50:13 PM","2026 Apr 18 10:23:38 AM"
"231","16040","25292000","HYDE ST","Hyde Street and Broadway","BROADWAY","Raised Crosswalk","4","0","0","1900 Jan 01 12:00:00 AM",,,"Complete","3","Nob Hill","POINT (-122.418457662 37.796275468)","2022 Nov 17 09:50:13 PM","2026 Apr 18 10:23:38 AM"
"232","16063","25075000","WETMORE ST","Wetmore Street and Clay Street","CLAY ST","Raised Crosswalk","2","0","0","1900 Jan 01 12:00:00 AM",,,"Complete","3","Nob Hill","POINT (-122.410365443 37.793747032)","2022 Nov 17 09:50:13 PM","2026 Apr 18 10:23:38 AM"
"233","16066","25079000","MASON ST","Mason Street and Dawson Place \ Malvina Place","DAWSON PL \ MALVINA PL","Raised Crosswalk","1","0","0","1900 Jan 01 12:00:00 AM",,,"Complete","3","Nob Hill","POINT (-122.411133642 37.793383647)","2022 Nov 17 09:50:13 PM","2026 Apr 18 10:23:38 AM"
"234","16085","25107000","JACKSON ST","Jackson Street and Auburn Street","AUBURN ST","Raised Crosswalk","1","0","0","1900 Jan 01 12:00:00 AM",,,"Complete","3","Nob Hill","POINT (-122.412335878 37.795306858)","2022 Nov 17 09:50:13 PM","2026 Apr 18 10:23:38 AM"
"235","16178","24973000","TIMOTHY PFLUEGER PL","Timothy Pflueger Place and Bush Street","BUSH ST","Raised Crosswalk","1","0","0","1900 Jan 01 12:00:00 AM",,,"Complete","3","Nob Hill","POINT (-122.407970426 37.790262535)","2022 Nov 17 09:50:13 PM","2026 Apr 18 10:23:38 AM"
"236","16189","24989000","MILES ST","Miles Street and California Street","CALIFORNIA ST","Raised Crosswalk","1","0","0","1900 Jan 01 12:00:00 AM",,,"Complete","3","Nob Hill","POINT (-122.408863679 37.792079957)","2022 Nov 17 09:50:13 PM","2026 Apr 18 10:23:38 AM"
"237","16195","24999000","JOICE ST","Joice Street and California Street","CALIFORNIA ST","Raised Crosswalk","2","0","0","1900 Jan 01 12:00:00 AM",,,"Complete","3","Nob Hill","POINT (-122.408363898 37.792140773)","2022 Nov 17 09:50:13 PM","2026 Apr 18 10:23:38 AM"
"238","16201","25010000","MILLER PL","Miller Place and Sacramento Street","SACRAMENTO ST","Raised Crosswalk","1","0","0","1900 Jan 01 12:00:00 AM",,,"Complete","3","Nob Hill","POINT (-122.409009613 37.793015436)","2022 Nov 17 09:50:13 PM","2026 Apr 18 10:23:38 AM"
"239","13395","30076000","VAN NESS AVE","Van Ness Avenue and Austin Street","AUSTIN ST","Raised Crosswalk","1","11","2020","2020 Nov 01 12:00:00 AM","<Null>","PW Van Ness Ave Infrastructure Improvements","Complete","3","Lower Nob Hill","POINT (-122.421940375 37.788968775)","2022 Nov 17 09:50:13 PM","2026 Apr 18 10:23:38 AM"
"240","13553","30053000","POST ST","Post Street and Shannon Street","SHANNON ST","Raised Crosswalk","1","0","0","1900 Jan 01 12:00:00 AM",,,"Complete","3","Lower Nob Hill","POINT (-122.412531202 37.787766808)","2022 Nov 17 09:50:13 PM","2026 Apr 18 10:23:38 AM"
"241","15979","25203000","LARKIN ST","Larkin Street and Fern Street","FERN ST","Raised Crosswalk","1","0","0","1900 Jan 01 12:00:00 AM",,,"Complete","3","Lower Nob Hill","POINT (-122.418559315 37.788432343)","2022 Nov 17 09:50:13 PM","2026 Apr 18 10:23:38 AM"
"242","15984","25209000","POLK ST","Polk Street and Fern Street","FERN ST","Raised Crosswalk","1","0","0","1900 Jan 01 12:00:00 AM",,,"Complete","3","Lower Nob Hill","POINT (-122.420210435 37.788222701)","2022 Nov 17 09:50:13 PM","2026 Apr 18 10:23:38 AM"
"243","15986","25211000","POLK ST","Polk Street and Austin Street \ Frank Norris Street","AUSTIN ST \ FRANK NORRIS ST","Raised Crosswalk","1","0","0","1900 Jan 01 12:00:00 AM",,,"Complete","3","Lower Nob Hill","POINT (-122.420401246 37.789165094)","2022 Nov 17 09:50:13 PM","2026 Apr 18 10:23:38 AM"
"244","16125","25164000","LEAVENWORTH ST","Leavenworth Street and Sutter Street","SUTTER ST","Left Turn Traffic Calming","1","8","2020","2020 Aug 01 12:00:00 AM","<Null>","Left Turn Traffic Calming","Complete","3","Lower Nob Hill","POINT (-122.41518527 37.788387931)","2022 Nov 17 09:50:13 PM","2026 Apr 18 10:23:38 AM"
"245","16153","24939000","TAYLOR ST","Taylor Street and Derby Street","DERBY ST","Raised Crosswalk","1","0","0","1900 Jan 01 12:00:00 AM",,,"Complete","3","Lower Nob Hill","POINT (-122.411572254 37.787219923)","2022 Nov 17 09:50:13 PM","2026 Apr 18 10:23:38 AM"
"246","16158","24946000","ISADORA DUNCAN LN","Isadora Duncan Lane and Taylor Street","TAYLOR ST","Raised Crosswalk","1","0","0","1900 Jan 01 12:00:00 AM",,,"Complete","3","Lower Nob Hill","POINT (-122.411642193 37.787566865)","2022 Nov 17 09:50:13 PM","2026 Apr 18 10:23:38 AM"
"247","16170","24963000","JONES ST","Jones Street and Colin Place","COLIN PL","Raised Crosswalk","1","0","0","1900 Jan 01 12:00:00 AM",,,"Complete","3","Lower Nob Hill","POINT (-122.41329483 37.787383634)","2022 Nov 17 09:50:13 PM","2026 Apr 18 10:23:38 AM"
"248","16174","24967000","JONES ST","Jones Street and Cosmo Place","COSMO PL","Raised Crosswalk","1","0","0","1900 Jan 01 12:00:00 AM",,,"Complete","3","Lower Nob Hill","POINT (-122.413412923 37.787958083)","2022 Nov 17 09:50:13 PM","2026 Apr 18 10:23:38 AM"
"249","13409","30711000","KRAUSGRILL PL","Krausgrill Place and Filbert Street","FILBERT ST","Raised Crosswalk","1","0","0","1900 Jan 01 12:00:00 AM",,,"Complete","3","North Beach","POINT (-122.408928787 37.801425761)","2022 Nov 17 09:50:13 PM","2026 Apr 18 10:23:38 AM"
"250","16395","24768000","MONTGOMERY ST","Montgomery Street and Broadway","BROADWAY","Left Turn Traffic Calming","1","8","2020","2020 Aug 01 12:00:00 AM","<Null>","Left Turn Traffic Calming","Complete","3","North Beach","POINT (-122.403863018 37.798222971)","2022 Nov 17 09:50:13 PM","2026 Apr 18 10:23:38 AM"
"251","15887","25331000","GRANT AVE","Grant Avenue and Fresno Street","FRESNO ST","Raised Crosswalk","1","0","0","1900 Jan 01 12:00:00 AM",,,"Complete","3","North Beach","POINT (-122.407148837 37.798489804)","2022 Nov 17 09:50:13 PM","2026 Apr 18 10:23:38 AM"
"252","15891","25336000","BANNAN PL","Bannan Place and Green Street","GREEN ST","Raised Crosswalk","1","0","0","1900 Jan 01 12:00:00 AM",,,"Complete","3","North Beach","POINT (-122.407698022 37.799663687)","2022 Nov 17 09:50:13 PM","2026 Apr 18 10:23:38 AM"
"253","15902","25353000","JASPER PL","Jasper Place and Green Street","GREEN ST","Raised Crosswalk","1","0","0","1900 Jan 01 12:00:00 AM",,,"Complete","3","North Beach","POINT (-122.408169309 37.79960144)","2022 Nov 17 09:50:13 PM","2026 Apr 18 10:23:38 AM"
"254","15904","25357000","JASPER PL","Jasper Place and Union Street","UNION ST","Raised Crosswalk","2","0","0","1900 Jan 01 12:00:00 AM",,,"Complete","3","North Beach","POINT (-122.408358783 37.800544952)","2022 Nov 17 09:50:13 PM","2026 Apr 18 10:23:38 AM"
"255","15931","25401000","BELLAIR PL","Bellair Place and Chestnut Street","CHESTNUT ST","Raised Crosswalk","1","0","0","1900 Jan 01 12:00:00 AM",,,"Complete","3","North Beach","POINT (-122.409324503 37.804243372)","2022 Nov 17 09:50:13 PM","2026 Apr 18 10:23:38 AM"
"256","15830","25517000","LEAVENWORTH ST","Leavenworth Street and Filbert Street","FILBERT ST","Raised Crosswalk","1","0","0","1900 Jan 01 12:00:00 AM",,,"Complete","3","Russian Hill","POINT (-122.417586975 37.800340792)","2022 Nov 17 09:50:13 PM","2026 Apr 18 10:23:38 AM"
"257","15855","25545000","UNION ST","Union Street and Eastman Street","EASTMAN ST","Raised Crosswalk","2","0","0","1900 Jan 01 12:00:00 AM",,,"Complete","3","Russian Hill","POINT (-122.420085585 37.799069193)","2022 Nov 17 09:50:13 PM","2026 Apr 18 10:23:38 AM"
"258","15859","25550000","UNION ST","Union Street and Moore Place","MOORE PL","Raised Crosswalk","1","0","0","1900 Jan 01 12:00:00 AM",,,"Complete","3","Russian Hill","POINT (-122.420346295 37.799036692)","2022 Nov 17 09:50:13 PM","2026 Apr 18 10:23:38 AM"
"259","15871","25313000","WHITE ST","White Street and Vallejo Street","VALLEJO ST","Raised Crosswalk","1","0","0","1900 Jan 01 12:00:00 AM",,,"Complete","3","Russian Hill","POINT (-122.419496989 37.797229453)","2022 Nov 17 09:50:13 PM","2026 Apr 18 10:23:38 AM"
"260","16035","25285000","WALDO ALLEY","Waldo Alley and Leavenworth Street","LEAVENWORTH ST","Raised Crosswalk","1","0","0","1900 Jan 01 12:00:00 AM",,,"Complete","3","Russian Hill","POINT (-122.416931168 37.797050822)","2022 Dec 06 11:57:27 PM","2026 Apr 18 10:23:38 AM"
"261","16090","25115000","MASON ST","Mason Street and Broadway","BROADWAY","Raised Crosswalk","3","0","0","1900 Jan 01 12:00:00 AM",,,"Complete","3","Russian Hill","POINT (-122.411888141 37.797132192)","2022 Nov 17 09:50:13 PM","2026 Apr 18 10:23:38 AM"
"262","16102","25133000","HIMMELMANN PL","Himmelmann Place and Broadway","BROADWAY","Raised Crosswalk","1","0","0","1900 Jan 01 12:00:00 AM",,,"Complete","3","Russian Hill","POINT (-122.412993154 37.797138688)","2022 Nov 17 09:50:13 PM","2026 Apr 18 10:23:38 AM"
"263","16455","24605000","02nd ST","2nd Street and Jessie Street","JESSIE ST","Raised Crosswalk","1","0","0","1900 Jan 01 12:00:00 AM",,,"Complete","6","Financial District","POINT (-122.40034385 37.788442163)","2022 Nov 17 09:50:13 PM","2026 Apr 18 10:23:38 AM"
"264","16467","24618000","02nd ST","2nd Street and Streetevenson Street","STEVENSON ST","Raised Crosswalk","2","0","0","1900 Jan 01 12:00:00 AM",,,"Complete","6","Financial District","POINT (-122.400812303 37.788815497)","2022 Nov 17 09:50:13 PM","2026 Apr 18 10:23:38 AM"
"265","14299","27142000","KIRKHAM ST","Kirkham Street and 8th Avenue","08TH AVE","Traffic Island","0","0","2010","2010 Jan 01 12:00:00 AM",,,"Complete","7","Inner Sunset","POINT (-122.464981054 37.760358461)","2022 Nov 17 09:50:13 PM","2026 Apr 18 10:23:38 AM"
"266","14301","27144000","JUDAH ST","Judah Street and 8th Avenue","08TH AVE","Traffic Island","1","8","2009","2009 Aug 01 12:00:00 AM","FY 2009-2010","Areawide","Complete","7","Inner Sunset","POINT (-122.465114853 37.762221794)","2022 Nov 17 09:50:13 PM","2026 Apr 18 10:23:38 AM"
"267","14310","27153000","LINCOLN WAY","Lincoln Way and 8th Avenue","08TH AVE","Median Extension","1","0","0","1900 Jan 01 12:00:00 AM","FY 2008-2009","Paving","Complete","7","Inner Sunset","POINT (-122.465376633 37.765969942)","2022 Nov 17 09:50:13 PM","2026 Apr 18 10:23:38 AM"
"268","14314","27157000","LINCOLN WAY","Lincoln Way and 10th Avenue","10TH AVE","Median Extension","1","0","0","1900 Jan 01 12:00:00 AM","FY 2008-2009","Paving","Complete","7","Inner Sunset","POINT (-122.467515106 37.765877246)","2022 Nov 17 09:50:13 PM","2026 Apr 18 10:23:38 AM"
"269","14332","27175000","LINCOLN WAY","Lincoln Way and 12th Avenue","12TH AVE","Median Extension","1","0","0","1900 Jan 01 12:00:00 AM","FY 2008-2009","Paving","Complete","7","Inner Sunset","POINT (-122.469653849 37.76578267)","2022 Nov 17 09:50:13 PM","2026 Apr 18 10:23:38 AM"
"270","14423","27075000","PARNASSUS AVE","Parnassus Avenue and 5th Avenue \ Judah Street","05TH AVE \ JUDAH ST","Traffic Island","0","0","2010","2010 Jan 01 12:00:00 AM",,,"Complete","7","Inner Sunset","POINT (-122.461900573 37.762362742)","2022 Nov 17 09:50:13 PM","2026 Apr 18 10:23:38 AM"
"271","14397","27034000","WARREN Drive","Warren Drive and Christopher Drive","CHRISTOPHER Drive","Speed Hump","0","0","0","1900 Jan 01 12:00:00 AM","FY 2013-2014",,"Complete","7","Forest Knolls","POINT (-122.46015667 37.753737608)","2022 Nov 17 09:50:13 PM","2026 Apr 18 10:23:38 AM"
"272","15140","26206000","ROOSEVELT WAY","Roosevelt Way and Clifford Ter","CLIFFORD TER","Traffic Island","1","0","2014","2014 Jan 01 12:00:00 AM","FY 2011-2012","TC Implementation","Complete","8","Buena Vista","POINT (-122.442951037 37.763677959)","2022 Nov 17 09:50:13 PM","2026 Apr 18 10:23:38 AM"
"273","15046","26333000","FREDERICK ST","Frederick Street and Buena Vista Avenue","BUENA VISTA AVE","Traffic Island","1","0","2014","2014 Jan 01 12:00:00 AM","FY 2013-2014","TC Implementation","Complete","8","Buena Vista","POINT (-122.443865815 37.767535852)","2022 Nov 17 09:50:13 PM","2026 Apr 18 10:23:38 AM"
"274","15349","26021000","DUBOCE AVE","Duboce Avenue and Buena Vista Avenue \ Buena Vista Ter","BUENA VISTA AVE \ BUENA VISTA TER","Raised Crosswalk","1","6","2021","2021 Jun 01 12:00:00 AM","FY 2019-2020","App-Based","Complete","8","Buena Vista","POINT (-122.438338329 37.769006601)","2022 Nov 17 09:50:13 PM","2026 Apr 18 10:23:38 AM"
"275","15147","26215000","DOWNEY ST","Downey Street and Ashbury Street","ASHBURY ST","Traffic Island","0","0","0","1900 Jan 01 12:00:00 AM","FY 2011-2012","Early Implementation","Complete","8",,"POINT (-122.446504706 37.763708381)","2022 Nov 17 09:50:13 PM","2026 Apr 18 10:23:38 AM"
"276","15213","26313000","MUSEUM WAY","Museum Way and Fairbanks Street \ Roosevelt Way","FAIRBANKS ST \ ROOSEVELT WAY","Speed Hump","0","1","2019","2019 Jan 01 12:00:00 AM",,,"Complete","8",,"POINT (-122.441241683 37.765270858)","2022 Nov 17 09:50:13 PM","2026 Apr 18 10:23:38 AM"
"277","14323","27166000","KIRKHAM ST","Kirkham Street and Funston Avenue","FUNSTON AVE","Traffic Island","0","0","2010","2010 Jan 01 12:00:00 AM",,,"Complete","7",,"POINT (-122.470334652 37.760123551)","2022 Nov 17 09:50:13 PM","2026 Apr 18 10:23:38 AM"
"278","14324","27167000","LURLINE ST","Lurline Street and 14th Avenue \ Kirkham Street","14TH AVE \ KIRKHAM ST","Traffic Island","0","0","2010","2010 Jan 01 12:00:00 AM",,,"Complete","7",,"POINT (-122.471408572 37.760075573)","2022 Nov 17 09:50:13 PM","2026 Apr 18 10:23:38 AM"
"279","14334","27178000","LINCOLN WAY","Lincoln Way and Arguello Boulevard \ Frederick Street","ARGUELLO BLVD \ FREDERICK ST","Traffic Island","0","0","2010","2010 Jan 01 12:00:00 AM",,,"Complete","8",,"POINT (-122.457789624 37.766014767)","2022 Nov 17 09:50:13 PM","2026 Apr 18 10:23:38 AM"
"280","14412","27056000","WARREN Drive","Warren Drive and Locksley Avenue","LOCKSLEY AVE","Traffic Island","1","7","2009","2009 Jul 01 12:00:00 AM","FY 2009-2010","Areawide","Complete","7",,"POINT (-122.463225948 37.758562489)","2022 Nov 17 09:50:13 PM","2026 Apr 18 10:23:38 AM"
"281","14447","27101000","MORAGA ST","Moraga Street and 7th Avenue","07TH AVE","Traffic Island","0","0","2009","2009 Jan 01 12:00:00 AM",,,"Complete","7",,"POINT (-122.463657671 37.756764108)","2022 Nov 17 09:50:13 PM","2026 Apr 18 10:23:38 AM"
"282","14451","27105000","LAWTON ST","Lawton Street and 8th Avenue","08TH AVE","Traffic Island","0","0","2010","2010 Jan 01 12:00:00 AM",,,"Complete","7",,"POINT (-122.464851492 37.75849136)","2022 Nov 17 09:50:13 PM","2026 Apr 18 10:23:38 AM"
"283","10229","20011000","INGERSON AVE","Ingerson Avenue and Giants Drive","GIANTS Drive","Painted Traffic Circle","1","0","0","1900 Jan 01 12:00:00 AM",,,"Complete","10",,"POINT (-122.38813051 37.716298216)","2023 Aug 17 03:48:19 PM","2026 Apr 18 10:23:38 AM"
"284","10395","20510000","WILLIAMS AVE","Williams Avenue and Ceres Street","CERES ST","Traffic Island","1","0","2014","2014 Jan 01 12:00:00 AM","FY 2013-2014","TC Implementation","Complete","10",,"POINT (-122.394479205 37.729526697)","2022 Nov 17 09:50:13 PM","2026 Apr 18 10:23:38 AM"
"285","10483","20612000","WILLIAMS AVE","Williams Avenue and Apollo Street","APOLLO ST","Traffic Island","1","0","2014","2014 Jan 01 12:00:00 AM",,"TC Implementation","Complete","10",,"POINT (-122.398970458 37.730164614)","2022 Nov 17 09:50:13 PM","2026 Apr 18 10:23:38 AM"
"286","12835","33695000","MONTEREY BLVD","Monterey Boulevard and Joost Avenue","JOOST AVE","Median Extension","1","0","0","1900 Jan 01 12:00:00 AM","FY 2011-2012","Areawide","Complete","8",,"POINT (-122.434992782 37.732295288)","2022 Nov 17 09:50:13 PM","2026 Apr 18 10:23:38 AM"
"287","12961","33389000","FLOOD AVE","Flood Avenue and Circular Avenue","CIRCULAR AVE","Traffic Island","1","6","2009","2009 Jun 01 12:00:00 AM","FY 2008-2009","Areawide","Complete","7",,"POINT (-122.440664991 37.72991933)","2022 Nov 17 09:50:13 PM","2026 Apr 18 10:23:38 AM"
"288","13204","32935000","CORBIN PL","Corbin Place and 17th Street","17TH ST","Traffic Island","0","0","0","1900 Jan 01 12:00:00 AM","FY 2011-2012","Areawide","Complete","8",,"POINT (-122.442908034 37.762023463)","2022 Nov 17 09:50:13 PM","2026 Apr 18 10:23:38 AM"
"289","13852","27654000","24TH AVE","24th Avenue and Lake Street","LAKE ST","Traffic Island","2","5","2017","2017 May 01 12:00:00 AM",,"2016 Backlog Islands","Complete","1",,"POINT (-122.484079805 37.78579453)","2022 Nov 17 09:50:13 PM","2026 Apr 18 10:23:38 AM"
"290","12766","33604000","STAPLES AVE","Staples Avenue and Circular Avenue","CIRCULAR AVE","Traffic Island","1","6","2009","2009 Jun 01 12:00:00 AM","FY 2008-2009","Areawide","Complete","7",,"POINT (-122.442595297 37.729101681)","2022 Nov 17 09:50:13 PM","2026 Apr 18 10:23:38 AM"
"291","17759","23124000","INVERNESS Drive","Inverness Drive and Eucalyptus Drive","EUCALYPTUS Drive","Raised Crosswalk","1","3","2021","2021 Mar 01 12:00:00 AM","FY 2018-2019","School TC","Complete","4",,"POINT (-122.48266361 37.731147128)","2022 Nov 17 09:50:13 PM","2026 Apr 18 10:23:38 AM"
"292","17774","23141000","WEST PORTAL AVE","West Portal Avenue and Junipero Serra Boulevard \ Portola Drive \ Saint Francis Boulevard \ Sloat Boulevard","JUNIPERO SERRA BLVD \ PORTOLA Drive \ SAINT FRANCIS BLVD \ SLOAT BLVD","Raised Crosswalk","1","0","0","1900 Jan 01 12:00:00 AM",,,"Complete","7",,"POINT (-122.471569341 37.734706811)","2022 Nov 17 09:50:13 PM","2026 Apr 18 10:23:38 AM"
"293","17800","22943000","SANTA ANA AVE","Santa Ana Avenue and 14th Avenue \ Portola Drive \ San Anselmo Avenue","14TH AVE \ PORTOLA Drive \ SAN ANSELMO AVE","Traffic Island","0","0","0","1900 Jan 01 12:00:00 AM","FY 2009-2010","TC Implementation","Complete","7",,"POINT (-122.468309609 37.737417148)","2022 Nov 17 09:50:13 PM","2026 Apr 18 10:23:38 AM"
"294","18725","21812000","MONTEREY BLVD","Monterey Boulevard and Circular Avenue \ I-280 N On Ramp \ I-280 S Off Ramp","CIRCULAR AVE \ I-280 N ON RAMP \ I-280 S OFF RAMP","Median Extension","0","0","0","1900 Jan 01 12:00:00 AM","FY 2011-2012","Areawide","Complete","7",,"POINT (-122.436678949 37.731538395)","2022 Nov 17 09:50:13 PM","2026 Apr 18 10:23:38 AM"
"295","18733","21820000","MISSION ST","Mission Street and College Avenue \ Crescent Avenue","COLLEGE AVE \ CRESCENT AVE","Channelization","1","0","0","1900 Jan 01 12:00:00 AM","FY 2004-2005","Site Specific","Complete","9",,"POINT (-122.424702562 37.735369871)","2022 Nov 17 09:50:13 PM","2026 Apr 18 10:23:38 AM"
"296","16460","24611000","NEW MONTGOMERY ST","New Montgomery Street and Ambrose Bierce Street","AMBROSE BIERCE ST","Raised Crosswalk","1","0","0","1900 Jan 01 12:00:00 AM",,,"Complete","6",,"POINT (-122.400808595 37.787698947)","2022 Nov 17 09:50:13 PM","2026 Apr 18 10:23:38 AM"
"297","17930","22882000","TARAVAL ST","Taraval Street and Claremont Boulevard \ Dewey Boulevard \ Kensington Way \ Montalvo Avenue","CLAREMONT BLVD \ DEWEY BLVD \ KENSINGTON WAY \ MONTALVO AVE","Traffic Circle","1","0","1957","1957 Jan 01 12:00:00 AM","FY 2013-2014",,"Complete","7",,"POINT (-122.463685996 37.74374941)","2022 Nov 17 09:50:13 PM","2026 Apr 18 10:23:38 AM"
"298","16549","24492000","02nd ST","2nd Street and Stillman Street","STILLMAN ST","Raised Crosswalk","1","8","2020","2020 Aug 01 12:00:00 AM",,"PW Second St Infrastructure Improvements","Complete","6",,"POINT (-122.394150515 37.783503509)","2022 Nov 17 09:50:13 PM","2026 Apr 18 10:23:38 AM"
"299","16565","24511000","02nd ST","2nd Street and Dow Place","DOW PL","Raised Crosswalk","1","0","0","1900 Jan 01 12:00:00 AM",,,"Complete","6",,"POINT (-122.395895701 37.784896929)","2022 Nov 17 09:50:13 PM","2026 Apr 18 10:23:38 AM"
"300","16668","24401000","STEVENSON ST","Stevenson Street and Duboce Avenue","DUBOCE AVE","Raised Crosswalk","1","0","0","1900 Jan 01 12:00:00 AM",,,"Complete","9",,"POINT (-122.421582535 37.769917759)","2022 Nov 17 09:50:13 PM","2026 Apr 18 10:23:38 AM"
"301","19164","21230000","CRESCENT AVE","Crescent Avenue and Murray Street","MURRAY ST","Raised Crosswalk","1","4","2023","2023 Apr 01 12:00:00 AM","<Null>","FY21 D9 NTIP","Pending Construction","9",,"POINT (-122.420223758 37.735058128)","2024 Feb 07 12:13:13 AM","2026 Apr 18 10:23:38 AM"
"302","18384","22285000","OSHAUGHNESSY BLVD","Oshaughnessy Boulevard and Malta Drive","MALTA Drive","Traffic Island","1","11","2007","2007 Nov 01 12:00:00 AM","FY 2005-2006","Site Specific","Complete","8",,"POINT (-122.443602235 37.736502584)","2022 Nov 17 09:50:13 PM","2026 Apr 18 10:23:38 AM"
"303","19260","21125000","PRECITA AVE","Precita Avenue and Cesar Chavez Street \ York Street","CESAR CHAVEZ ST \ YORK ST","Raised Crosswalk","1","0","0","1900 Jan 01 12:00:00 AM",,,"Complete","9",,"POINT (-122.407882028 37.748405)","2022 Nov 17 09:50:13 PM","2026 Apr 18 10:23:38 AM"
"304","19266","21131000","MULLEN AVE","Mullen Avenue and Alabama Street","ALABAMA ST","Chicane","1","12","2006","2006 Dec 01 12:00:00 AM","FY 2006-2007","Site Specific","Complete","9",,"POINT (-122.410564652 37.746323275)","2022 Nov 17 09:50:13 PM","2026 Apr 18 10:23:38 AM"
"305","17011","23949000","POTRERO AVE","Potrero Avenue and 25th Street \ Cesar Chavez On Ramp","25TH ST \ CESAR CHAVEZ ON RAMP","Traffic Island","1","0","0","1900 Jan 01 12:00:00 AM","FY 2004-2005","Corridor","Complete","9",,"POINT (-122.406186565 37.751366903)","2022 Nov 17 09:50:13 PM","2026 Apr 18 10:23:38 AM"
"306","18407","22316000","CLIPPER ST","Clipper Street and Douglass Street","DOUGLASS ST","Raised Crosswalk","1","0","0","1900 Jan 01 12:00:00 AM","<Null>","D8 CRT","Pending Construction","8",,"POINT (-122.438246126 37.748664501)","2022 Nov 17 09:50:13 PM","2026 Apr 18 10:23:38 AM"
"307","18441","22133000","HEARST AVE","Hearst Avenue and Circular Avenue","CIRCULAR AVE","Traffic Island","1","11","2007","2007 Nov 01 12:00:00 AM","FY 2005-2006","Areawide","Complete","7",,"POINT (-122.438692929 37.730737999)","2022 Nov 17 09:50:13 PM","2026 Apr 18 10:23:38 AM"
"308","18453","22152000","JUDSON AVE","Judson Avenue and Circular Avenue \ Detroit Street \ Paulding Street","CIRCULAR AVE \ DETROIT ST \ PAULDING ST","Traffic Island","3","12","2014","2014 Dec 01 12:00:00 AM","FY 2013-2014","TC Implementation","Complete","7",,"POINT (-122.444276985 37.728261755)","2022 Nov 17 09:50:13 PM","2026 Apr 18 10:23:38 AM"
"309","19292","21164000","NORWICH ST","Norwich Street and Alabama Street","ALABAMA ST","Chicane","1","12","2006","2006 Dec 01 12:00:00 AM","FY 2005-2006","Site Specific","Complete","9",,"POINT (-122.410474281 37.745297698)","2022 Nov 17 09:50:13 PM","2026 Apr 18 10:23:38 AM"
"310","15344","26013000","ROOSEVELT WAY","Roosevelt Way and Buena Vista Ter","BUENA VISTA TER","Median Island","1","0","2014","2014 Jan 01 12:00:00 AM","FY 2013-2014","TC Implementation","Complete","8",,"POINT (-122.438291384 37.76672578)","2022 Nov 17 09:50:13 PM","2026 Apr 18 10:23:38 AM"
"311","15347","26018000","ROOSEVELT WAY","Roosevelt Way and 15th Street \ Park Hill Avenue","15TH ST \ PARK HILL AVE","Traffic Island","0","0","0","1900 Jan 01 12:00:00 AM",,,"Complete","8",,"POINT (-122.43950184 37.766575525)","2022 Nov 17 09:50:13 PM","2026 Apr 18 10:23:38 AM"
"312","15569","25847000","ELGIN PARK","Elgin Park and Duboce Avenue","DUBOCE AVE","Raised Crosswalk","1","0","0","1900 Jan 01 12:00:00 AM",,,"Complete","9",,"POINT (-122.423145965 37.769820825)","2022 Nov 17 09:50:13 PM","2026 Apr 18 10:23:38 AM"
"313","15571","25849000","PEARL ST","Pearl Street and Duboce Avenue","DUBOCE AVE","Raised Crosswalk","1","0","0","1900 Jan 01 12:00:00 AM",,,"Complete","8",,"POINT (-122.423821475 37.769780287)","2022 Nov 17 09:50:13 PM","2026 Apr 18 10:23:38 AM"
"314","16177","24971000","BURRITT ST","Burritt Street and Bush Street","BUSH ST","Raised Crosswalk","1","0","0","1900 Jan 01 12:00:00 AM",,,"Complete","3",,"POINT (-122.407500495 37.790321891)","2022 Nov 17 09:50:13 PM","2026 Apr 18 10:23:38 AM"
"315","16179","24975000","DASHIELL HAMMETT ST","Dashiell Hammett Street and Bush Street","BUSH ST","Raised Crosswalk","1","0","0","1900 Jan 01 12:00:00 AM",,,"Complete","3",,"POINT (-122.407868938 37.790275354)","2022 Nov 17 09:50:13 PM","2026 Apr 18 10:23:38 AM"
"316",,"21473000","ROLPH ST","Rolph Street and Newton Street","NEWTON ST","Raised Crosswalk","1","10","2022","2022 Oct 01 12:00:00 AM","FY 2018-2019","D11 NTIP","Complete",,,"POINT (-122.439191099 37.714693814)","2022 Nov 17 10:01:01 PM","2026 Apr 18 10:23:38 AM"
"317",,"22059000","SENECA AVE","Seneca Avenue and Cayuga Avenue","CAYUGA AVE","Raised Crosswalk","1","6","2024","2024 Jun 01 12:00:00 AM",,"Excelsior Neighborood TC","Pending Construction",,,"POINT (-122.442551535 37.719620848)","2025 Mar 21 04:51:10 PM","2026 Apr 18 10:23:38 AM"
"318",,"21632000","PERSIA AVE","Persia Avenue and Athens St","ATHENS ST","Raised Crosswalk","1","6","2024","2024 Jun 01 12:00:00 AM",,"Excelsior Neighborhood TC","Complete",,,"POINT (-122.429599154 37.720090314)","2024 Jul 17 07:43:02 PM","2026 Apr 18 10:23:38 AM"
"319",,"21719000","PERSIA AVE","Persia Avenue and Lisbon Street","LISBON ST","Raised Crosswalk","1","6","2024","2024 Jun 01 12:00:00 AM",,"Excelsior Neighborhood TC","Complete",,,"POINT (-122.433606338 37.722000221)","2024 Jul 17 07:39:40 PM","2026 Apr 18 10:23:38 AM"
"320",,"22076000","ONONDAGA AVE","Onondaga Avenue and Otsego Avenue","OTSEGO AVE","Raised Crosswalk","1","6","2024","2024 Jun 01 12:00:00 AM",,"Excelsior Neighborhood TC","Complete",,,"POINT (-122.441430619 37.722725671)","2024 Jul 17 08:55:01 PM","2026 Apr 18 10:23:38 AM"
"321",,"21385000","ROLPH ST","Rolph Street and South Hill Boulevard","SOUTH HILL BLVD","Raised Crosswalk","2","5","2024","2024 May 01 12:00:00 AM","FY 2019-2020","D11 NTIP","Complete",,,"POINT (-122.431866925 37.711404776)","2024 Jul 17 09:37:49 PM","2026 Apr 18 10:23:38 AM"
"322",,"21371000","CANYON DR","Canyon Drive and South Hill Boulevard","SOUTH HILL BLVD","Raised Crosswalk","1","2","2024","2024 Feb 01 12:00:00 AM","FY 2019-2020","D11 NTIP","Complete","11",,"POINT (-122.429896022 37.708867204)","2025 Mar 20 11:06:59 PM","2026 Apr 18 10:23:38 AM"
"323",,"21516000","MT VERNON AVE","Mount Vernon Avenue and Del Monte Street","DEL MONTE ST","Raised Crosswalk","1","2","2024","2024 Feb 01 12:00:00 AM","FY 2019-2020","D11 NTIP","Complete",,,"POINT (-122.443794783 37.715472472)","2024 Mar 05 11:35:42 PM","2026 Apr 18 10:23:38 AM"
"324",,"22723000","BYXBEE ST","Byxbee Street and Garfield Street","GARFIELD ST","Raised Crosswalk","1","11","2024","2024 Nov 01 12:00:00 AM","FY 2019-2020","D11 NTIP","Complete",,,"POINT (-122.469852257 37.719652233)","2024 Nov 22 06:05:18 PM","2026 Apr 18 10:23:38 AM"
"325",,"22721000","BYXBEE ST","Byxbee Street and Shields Avenue","SHIELDS AVE","Raised Crosswalk","1","1","24","0024 Jan 01 12:00:00 AM","FY 2019-2020","D11 NTIP","Complete",,,"POINT (-122.469837627 37.717888158)","2024 Feb 13 06:52:29 PM","2026 Apr 18 10:23:38 AM"
"326",,"20999000","CAMBRIDGE DR","Cambridge Drive and Gladstone Way","GLADSTONE DR","Raised Crosswalk","1","3","2022","2022 Mar 01 12:00:00 AM","FY 2019-2019","D11 NTIP","Complete",,,"POINT (-122.42018514 37.731463215)","2022 Dec 06 11:52:14 PM","2026 Apr 18 10:23:38 AM"
"327",,"23627000","25TH ST","25th Street and Dakota Street","DAKOTA ST","Raised Crosswalk","1","4","2022","2022 Apr 01 12:00:00 AM",,"Misc Traffic Calming","Complete",,,"POINT (-122.394586978 37.752426801)","2022 Dec 07 12:02:25 AM","2026 Apr 18 10:23:38 AM"
"328",,,"FONT BLVD","Font Blvd and SF State",,"Traffic Circle","1","0","0","1900 Jan 01 12:00:00 AM",,,"Complete","7","Parkmerced","POINT (-122.483412116 37.722945437)","2023 Aug 17 03:59:04 PM","2026 Apr 18 10:23:38 AM"
"329",,"21640000","EXCELSIOR AVE","Excelsior Avenue and Vienna Street","VIENNA ST","Traffic Circle","1","5","1975","1975 May 01 12:00:00 AM","FY 1974-1975",,"Complete","11",,"POINT (-122.42807402 37.72359105)","2023 Aug 17 04:17:03 PM","2026 Apr 18 10:23:38 AM"
"641",,,"CHENERY ST","Chenery Street and Lippard Avenue","LIPPARD AVE","Raised Crosswalk","1","11","2023","2023 Nov 01 12:00:00 AM","2018-2019","App-Based","Complete","8","Glen Park","POINT (-122.435550525 37.734796986)","2024 Jan 17 11:57:54 PM","2026 Apr 18 10:23:38 AM"
"962",,"22805000","YERBA BUENA AVE","Yerba Buena Avenue at Brentwood Avenue","BRENTWOOD AVE","Raised Crosswalk","1","3","2024","2024 Mar 01 12:00:00 AM","FY 2020-2021","App-Based","Complete","7","Westwood Highlands","POINT (-122.4590639 37.733645068)","2025 Mar 20 11:08:25 PM","2026 Apr 18 10:23:38 AM"
"1281",,,"GENEVA AVE","Geneva Avenue and Mission Street","MISSION ST","Centerline Hardening w/Rubber Humps",,,,,"FY 2024-2025","FY25 D11 NTIP Sideshow Deterrence",,,,"POINT (-122.441019561 37.716459546)","2024 Nov 15 08:25:51 PM","2026 Apr 18 10:23:38 AM"
"1282",,,"GENEVA AVE","Geneva Avenue and Naples Street","NAPLES ST","Centerline Hardening w/Rubber Humps",,,,,"FY 2024-2025","FY25 D11 NTIP Sideshow Deterrence",,,,"POINT (-122.436176465 37.714209484)","2024 Nov 15 08:27:10 PM","2026 Apr 18 10:23:38 AM"
"1283",,,"ALEMANY BLVD","Alemany Boulevard and Silver Avenue","SILVER AVE","Centerline Hardening w/Rubber Humps",,,,,"FY 2024-2025","FY25 D11 NTIP Sideshow Deterrence",,,,"POINT (-122.433386843 37.729775575)","2024 Nov 15 08:28:16 PM","2026 Apr 18 10:23:38 AM"
"1284",,,"ALEMANY BLVD","Alemany Boulevard and Ocean Avenue","OCEAN AVE","Centerline Hardening w/Rubber Humps","4",,,,"FY 2024-2025","FY25 D11 NTIP Sideshow Deterrence",,,,"POINT (-122.437439122 37.723716463)","2024 Nov 15 08:29:07 PM","2026 Apr 18 10:23:38 AM"
"1285",,,"EXCELSIOR AVE","Excelsior Avenue and Naples Street","NAPLES ST","Centerline Hardening w/Rubber Humps","4",,,,"FY 2024-2025","FY25 D11 NTIP Sideshow Deterrence",,,,"POINT (-122.428836527 37.723954573)","2024 Nov 15 08:31:29 PM","2026 Apr 18 10:23:38 AM"
"1286",,,"RUSSIA AVE","Russia Avenue and Madrid Street","MADRID ST","Centerline Hardening w/Rubber Humps","4",,,,"FY 2024-2025","FY25 D11 NTIP Sideshow Deterrence",,,,"POINT (-122.433985108 37.720062806)","2024 Nov 15 08:33:43 PM","2026 Apr 18 10:23:38 AM"
"1287",,,"RANDOLPH ST","Randolph Street and Russia Street","RUSSIA ST","Centerline Hardening w/Rubber Humps","4",,,,"FY 2024-2025","FY25 D11 NTIP Sideshow Deterrence",,,,"POINT (-122.464400756 37.714293874)","2024 Nov 15 08:34:42 PM","2026 Apr 18 10:23:38 AM"
"1288",,,"RANDOLPH ST","Randolph Street and Victoria Street","VICTORIA ST","Centerline Hardening w/Rubber Humps","4",,,,"FY 2024-2025","FY25 D11 NTIP Sideshow Deterrence",,,,"POINT (-122.465299721 37.714286977)","2024 Nov 15 08:35:31 PM","2026 Apr 18 10:23:38 AM"
"1289",,,"BRAZIL AVE","Brazil Avenue and Naples Street","NAPLES ST","Centerline Hardening w/Rubber Humps","4",,,,"FY 2024-2025","FY25 D11 NTIP Sideshow Deterrence",,,,"POINT (-122.43002615 37.722397872)","2024 Nov 15 08:38:42 PM","2026 Apr 18 10:23:38 AM"
"1290",,,"SILVER AVE","Silver Avenue and Congdon Street","CONGDON ST","Centerline Hardening w/Rubber Humps","4",,,,"FY 2024-2025","FY25 D11 NTIP Sideshow Deterrence",,,,"POINT (-122.425963703 37.728641022)","2024 Nov 15 08:39:40 PM","2026 Apr 18 10:23:38 AM"
"1291",,,"ALEMANY BLVD","Alemany Boulevard and Congdon Street","CONGDON ST","Centerline Hardening w/Rubber Humps","4",,,,"FY 2024-2025","FY25 D11 NTIP Sideshow Deterrence",,,,"POINT (-122.426161767 37.731168532)","2024 Nov 15 08:41:07 PM","2026 Apr 18 10:23:38 AM"
"1292",,,"MISSION ST","Mission Street & Trumbull Street","TRUMBULL ST","Centerline Hardening w/Rubber Humps","4",,,,"FY 2024-2025","FY25 D11 NTIP Sideshow Deterrence",,,,"POINT (-122.429304397 37.730742173)","2024 Nov 15 08:42:18 PM","2026 Apr 18 10:23:38 AM"
"1293",,,"MISSION ST","Mission Street and Maynard Street/ Castle Manor Avenue","MAYNARD ST/CASTLE MANOR AVE","Centerline Hardening w/Rubber Humps","4",,,,"FY 2024-2025","FY25 D11 NTIP Sideshow Deterrence",,,,"POINT (-122.430809256 37.729227846)","2024 Nov 15 08:47:18 PM","2026 Apr 18 10:23:38 AM"
"1601",,,"MINERVA ST","Minerva Street and Capitol Avenue","CAPITOL AVE","Raised Crosswalk","1","12","2021","2021 Dec 01 12:00:00 AM","FY 2018-2019","D11 NTIP","Complete",,,"POINT (-122.459054861 37.715757941)","2024 Dec 04 07:04:09 PM","2026 Apr 18 10:23:38 AM"
"1921",,"20347000","LELAND AVE","Leland Avenue at Peabody Street","PEABODY ST","Speed Table","2",,,,"FY 2021-2022","App-Based","Pending Construction","10","Visitacion Valley","POINT (-122.406528597 37.71228275)","2025 Jun 23 11:32:30 PM","2026 Apr 18 10:23:38 AM"
"1922",,"20355000","LELAND AVE","Leland Avenue at Cora Street","CORA ST","Speed Table","2",,,,"FY 2021-2022","App-Based","Pending construction","10","Visitacion Valley","POINT (-122.40833406 37.712813609)","2025 Jun 26 10:48:20 PM","2026 Apr 18 10:23:38 AM"
"1923",,"20363000","LELAND AVE","Leland Avenue at Delta Street","DELTA ST","Speed Table","2",,,,"FY 2021-2022","App-Based","Pending construction","10","Visitacion Valley","POINT (-122.409488903 37.713125571)","2025 Jun 23 11:40:13 PM","2026 Apr 18 10:23:38 AM"
"1924",,"20764000","SILVER AVE","Silver Avenue at Elmira Street","ELMIRA ST","Raised Crosswalk","1",,,,"FY 2020-2021","App-Based","Pending design review and approval","10","Silver Terrace","POINT (-122.403509274 37.733665319)","2025 Jun 26 10:41:16 PM","2026 Apr 18 10:23:38 AM"
"1925",,,"SILVER AVE","Silver Avenue at Scotia Avenue","SCOTIA AVE","Raised Crosswalk","1",,,,"FY 2020-2021","App-Based","Pending design review and approval","10","Silver Terrace","POINT (-122.402201724 37.734481536)","2025 Jun 26 10:41:27 PM","2026 Apr 18 10:23:38 AM"
"1926",,,"SILVER AVE","Silver Avenue at Topeka Avenue","TOPEKA AVE","Raised Crosswalk","1",,,,"FY 2020-2021","App-Based","Pending construction",,"Silver Terrace","POINT (-122.400952394 37.735261395)","2025 Jun 25 03:52:19 PM","2026 Apr 18 10:23:38 AM"
"1927",,,"SILVER AVE","Silver Avenue at Revere Avenue","REVERE AVE","Raised Crosswalk","1",,,,"FY 2020-2021","App-Based","Pending design review and approval","10","Silver Terrace","POINT (-122.398555902 37.736433077)","2025 Jun 26 10:43:49 PM","2026 Apr 18 10:23:38 AM"
"2241",,"27695000","ORTEGA ST","Ortega Street at 37th Avenue","37TH AVE","Raised Crosswalk","1","5","2025","2025 May 01 12:00:00 AM",,"Sunset Neighborways Ortega TC","Complete","4","Outer Sunset","POINT (-122.495630257 37.751526823)","2025 Jul 21 09:34:40 PM","2026 Apr 18 10:23:38 AM"
"2561",,"26812000","SAINT JOSEPHS AVE","Saint Joseph's Avenue at O'Farrell Street","O'FARRELL ST","Raised Crosswalk",,"8","2025","2025 Aug 01 12:00:00 AM",,"D2 CRT","Complete","2","Anza Vista","POINT (-122.441671639 37.782233947)","2026 Feb 17 09:11:02 PM","2026 Apr 18 10:23:38 AM"
"2881",,"27960000","LA PLAYA ST","La Playa St at Judah St","JUDAH ST","Raised Crosswalk",,"8",,,,"Misc Traffic Calming","Complete","4","Outer Sunset","POINT (-122.509141223 37.760282322)","2026 Apr 13 05:51:43 PM","2026 Apr 18 10:23:38 AM"
