cnn_key,intersection_rows,intersection_measure_types,intersection_n_measure_types,intersection_units_total,intersection_first_install_dt,intersection_last_install_dt,intersection_complete_rows,intersection_has_complete,intersection_statuses,intersection_neighborhoods,has_known_install_date
20011000,1,['Painted Traffic Circle'],1,1.0,,,1,True,['Complete'],[],False
20046000,1,['Choker'],1,1.0,2008-06-01,2008-06-01,1,True,['Complete'],['Hunters Point'],True
20060000,1,['Channelization'],1,1.0,,,1,True,['Complete'],['Hunters Point'],False
20193000,1,['Raised Crosswalk'],1,1.0,2017-10-01,2017-10-01,1,True,['Complete'],['Bayview'],True
20196000,1,['Traffic Circle'],1,1.0,2006-05-01,2006-05-01,1,True,['Complete'],['Bayview'],True
20197000,1,['Speed Table'],1,1.0,2024-09-01,2024-09-01,1,True,['Complete'],['Bayview'],True
20198000,1,['Traffic Circle'],1,1.0,2006-06-01,2006-06-01,1,True,['Complete'],['Bayview'],True
20200000,1,['Traffic Circle'],1,1.0,2006-05-01,2006-05-01,1,True,['Complete'],['Bayview'],True
20201000,1,['Raised Crosswalk'],1,1.0,2017-10-01,2017-10-01,1,True,['Complete'],['Bayview'],True
20208000,1,['Speed Table'],1,1.0,2024-07-01,2024-07-01,1,True,['Complete'],['Bayview'],True
20347000,1,['Speed Table'],1,2.0,,,0,False,['Pending Construction'],['Visitacion Valley'],False
20355000,1,['Speed Table'],1,2.0,,,0,False,['Pending construction'],['Visitacion Valley'],False
20363000,1,['Speed Table'],1,2.0,,,0,False,['Pending construction'],['Visitacion Valley'],False
20423000,1,['Traffic Island'],1,1.0,,,1,True,['Complete'],['Sunnydale'],False
20431000,1,['Speed Radar Sign'],1,1.0,,,1,True,['Complete'],['Sunnydale'],False
20448000,1,['Traffic Island'],1,2.0,2007-03-01,2007-03-01,1,True,['Complete'],['Bret Harte'],True
20510000,1,['Traffic Island'],1,1.0,2014-01-01,2014-01-01,1,True,['Complete'],[],True
20612000,1,['Traffic Island'],1,1.0,2014-01-01,2014-01-01,1,True,['Complete'],[],True
20653000,1,['Raised Crosswalk'],1,1.0,2021-03-01,2021-03-01,1,True,['Complete'],['Portola'],True
20661000,1,['Raised Crosswalk'],1,2.0,2024-06-01,2024-06-01,1,True,['Complete'],['Bayview'],True
20666000,1,['Raised Crosswalk'],1,1.0,,,1,True,['Complete'],['Bayview'],False
20674000,1,['Raised Crosswalk'],1,1.0,,,1,True,['Complete'],['Bayview'],False
20681000,1,['Raised Crosswalk'],1,1.0,,,1,True,['Complete'],['Silver Terrace'],False
20739000,1,['Raised Crosswalk'],1,1.0,,,1,True,['Complete'],['Silver Terrace'],False
20764000,1,['Raised Crosswalk'],1,1.0,,,0,False,['Pending design review and approval'],['Silver Terrace'],False
20999000,1,['Raised Crosswalk'],1,1.0,2022-03-01,2022-03-01,1,True,['Complete'],[],True
21120000,1,['Raised Crosswalk'],1,1.0,,,1,True,['Complete'],['Mission'],False
21125000,1,['Raised Crosswalk'],1,1.0,,,1,True,['Complete'],[],False
21131000,1,['Chicane'],1,1.0,2006-12-01,2006-12-01,1,True,['Complete'],[],True
21140000,1,['Traffic Island'],1,1.0,2006-12-01,2006-12-01,1,True,['Complete'],['Bernal Heights'],True
21150000,1,['Raised Crosswalk'],1,1.0,,,1,True,['Complete'],['Bernal Heights'],False
21164000,1,['Chicane'],1,1.0,2006-12-01,2006-12-01,1,True,['Complete'],[],True
21230000,1,['Raised Crosswalk'],1,1.0,2023-04-01,2023-04-01,0,False,['Pending Construction'],[],True
21253000,1,['Raised Crosswalk'],1,1.0,,,1,True,['Complete'],['Bernal Heights'],False
21259000,1,['Channelization'],1,1.0,,,1,True,['Complete'],['Holly Park'],False
21319000,1,['Traffic Island'],1,1.0,2006-03-01,2006-03-01,1,True,['Complete'],['Bernal Heights'],True
21371000,1,['Raised Crosswalk'],1,1.0,2024-02-01,2024-02-01,1,True,['Complete'],[],True
21385000,1,['Raised Crosswalk'],1,2.0,2024-05-01,2024-05-01,1,True,['Complete'],[],True
21473000,1,['Raised Crosswalk'],1,1.0,2022-10-01,2022-10-01,1,True,['Complete'],[],True
21516000,1,['Raised Crosswalk'],1,1.0,2024-02-01,2024-02-01,1,True,['Complete'],[],True
21632000,1,['Raised Crosswalk'],1,1.0,2024-06-01,2024-06-01,1,True,['Complete'],[],True
21640000,1,['Traffic Circle'],1,1.0,1975-05-01,1975-05-01,1,True,['Complete'],[],True
21675000,1,['Traffic Circle'],1,1.0,2006-03-01,2006-03-01,1,True,['Complete'],"[""St. Mary's Park""]",True
21719000,1,['Raised Crosswalk'],1,1.0,2024-06-01,2024-06-01,1,True,['Complete'],[],True
21812000,1,['Median Extension'],1,0.0,,,1,True,['Complete'],[],False
21818000,1,['Traffic Circle'],1,1.0,2004-03-01,2004-03-01,1,True,['Complete'],"[""St. Mary's Park""]",True
21820000,1,['Channelization'],1,1.0,,,1,True,['Complete'],[],False
21862000,1,['Speed Hump'],1,1.0,2021-11-01,2021-11-01,1,True,['Complete'],"[""St. Mary's Park""]",True
21865000,1,['Speed Hump'],1,1.0,2021-11-01,2021-11-01,1,True,['Complete'],"[""St. Mary's Park""]",True
21962000,1,['Ped Refuge Island'],1,1.0,,,1,True,['Complete'],['Fairmount'],False
21965000,1,['Traffic Island'],1,0.0,,,1,True,['Complete'],['Sunnyside'],False
21983000,1,['Speed Hump'],1,1.0,2021-04-01,2021-04-01,1,True,['Complete'],['Glen Park'],True
22059000,1,['Raised Crosswalk'],1,1.0,2024-06-01,2024-06-01,0,False,['Pending Construction'],[],True
22076000,1,['Raised Crosswalk'],1,1.0,2024-06-01,2024-06-01,1,True,['Complete'],[],True
22132000,1,['Traffic Circle'],1,1.0,2016-07-01,2016-07-01,1,True,['Complete'],['Sunnyside'],True
22133000,1,['Traffic Island'],1,1.0,2007-11-01,2007-11-01,1,True,['Complete'],[],True
22152000,1,['Traffic Island'],1,3.0,2014-12-01,2014-12-01,1,True,['Complete'],[],True
22249000,1,['Raised Crosswalk'],1,1.0,,,1,True,['Complete'],['Westwood Park'],False
22285000,1,['Traffic Island'],1,1.0,2007-11-01,2007-11-01,1,True,['Complete'],[],True
22295000,1,['Traffic Island'],1,0.0,,,1,True,['Complete'],['Miraloma Park'],False
22300000,1,['Channelization'],1,1.0,2009-10-01,2009-10-01,1,True,['Complete'],['Miraloma Park'],True
22316000,1,['Raised Crosswalk'],1,1.0,,,0,False,['Pending Construction'],[],False
22364000,1,['Traffic Island'],1,0.0,,,1,True,['Complete'],['Miraloma Park'],False
22410000,1,['Traffic Island'],1,1.0,2008-11-01,2008-11-01,1,True,['Complete'],['Miraloma Park'],True
22419000,1,['Traffic Island'],1,0.0,,,1,True,['Complete'],['Miraloma Park'],False
22623000,1,['Raised Crosswalk'],1,1.0,,,1,True,['Complete'],['Westwood Park'],False
22704000,1,['Traffic Circle'],1,1.0,1995-07-01,1995-07-01,1,True,['Complete'],['Ingleside Terraces'],True
22705000,1,['Traffic Circle'],1,1.0,2000-07-01,2000-07-01,1,True,['Complete'],['Ingleside Terraces'],True
22721000,1,['Raised Crosswalk'],1,1.0,2001-01-24,2001-01-24,1,True,['Complete'],[],True
22723000,1,['Raised Crosswalk'],1,1.0,2024-11-01,2024-11-01,1,True,['Complete'],[],True
22747000,1,['Traffic Circle'],1,1.0,2000-07-01,2000-07-01,1,True,['Complete'],['Ingleside Terraces'],True
22782000,1,['Traffic Island'],1,1.0,2014-01-01,2014-01-01,1,True,['Complete'],['Ingleside Terraces'],True
22805000,1,['Raised Crosswalk'],1,1.0,2024-03-01,2024-03-01,1,True,['Complete'],['Westwood Highlands'],True
22882000,1,['Traffic Circle'],1,1.0,1957-01-01,1957-01-01,1,True,['Complete'],[],True
22916000,1,['Traffic Island'],1,0.0,,,1,True,['Complete'],['St. Francis Wood'],False
22931000,1,['Traffic Circle'],1,1.0,,,1,True,['Complete'],['St. Francis Wood'],False
22943000,1,['Traffic Island'],1,0.0,,,1,True,['Complete'],[],False
22945000,1,['Speed Hump'],1,1.0,2008-10-01,2008-10-01,1,True,['Complete'],['West Portal'],True
22948000,1,['Speed Radar Sign'],1,2.0,2016-07-01,2016-07-01,1,True,['Complete'],['West Portal'],True
22949000,1,['Speed Hump'],1,0.0,2010-01-01,2010-01-01,1,True,['Complete'],['West Portal'],True
23003000,1,['Traffic Island'],1,2.0,2017-05-01,2017-05-01,1,True,['Complete'],['Golden Gate Heights'],True
23049000,1,['Traffic Circle'],1,1.0,,,1,True,['Complete'],['Parkmerced'],False
23095000,1,['Traffic Circle'],1,1.0,,,1,True,['Complete'],['Parkmerced'],False
23124000,1,['Raised Crosswalk'],1,1.0,2021-03-01,2021-03-01,1,True,['Complete'],[],True
23141000,1,['Raised Crosswalk'],1,1.0,,,1,True,['Complete'],[],False
23171000,1,['Traffic Circle'],1,1.0,2020-01-01,2020-01-01,1,True,['Complete'],['Parkside'],True
23281000,1,['Traffic Circle'],1,1.0,2014-06-01,2014-06-01,1,True,['Complete'],['Parkside'],True
23342000,1,['Traffic Island'],1,0.0,,,1,True,['Complete'],['Parkside'],False
23505000,1,['Speed Table'],1,1.0,2021-01-01,2021-01-01,1,True,['Complete'],['Outer Sunset'],True
23627000,1,['Raised Crosswalk'],1,1.0,2022-04-01,2022-04-01,1,True,['Complete'],[],True
23674000,1,['Traffic Island'],1,1.0,2017-06-01,2017-06-01,1,True,['Complete'],['Potrero Hill'],True
23714000,1,['Traffic Island'],1,1.0,,,1,True,['Complete'],['Potrero Hill'],False
23715000,1,['Traffic Island'],1,1.0,,,1,True,['Complete'],['Potrero Hill'],False
23718000,1,['Traffic Island'],1,1.0,,,1,True,['Complete'],['Potrero Hill'],False
23725000,1,['Traffic Island'],1,1.0,,,1,True,['Complete'],['Potrero Hill'],False
23755000,1,['Traffic Island'],1,0.0,,,1,True,['Complete'],['Potrero Hill'],False
23777000,1,['Traffic Island'],1,2.0,,,1,True,['Complete'],['Potrero Hill'],False
23806000,1,['Raised Crosswalk'],1,1.0,,,1,True,['Complete'],['South Beach'],False
23825000,1,['Raised Crosswalk'],1,1.0,,,1,True,['Complete'],['South of Market'],False
23871000,1,['Traffic Circle'],1,1.0,1986-02-01,1986-02-01,1,True,['Complete'],['Showplace Square'],True
23904000,1,['Raised Crosswalk'],1,1.0,,,1,True,['Complete'],['South of Market'],False
23910000,1,['Raised Crosswalk'],1,1.0,,,1,True,['Complete'],['South of Market'],False
23922000,1,['Raised Crosswalk'],1,1.0,,,1,True,['Complete'],['South of Market'],False
23924000,1,['Raised Crosswalk'],1,1.0,,,1,True,['Complete'],['South of Market'],False
23932000,1,['Speed Radar Sign'],1,0.0,,,1,True,['Complete'],['South of Market'],False
23933000,1,['Raised Crosswalk'],1,1.0,,,1,True,['Complete'],['South of Market'],False
23935000,1,['Raised Crosswalk'],1,2.0,,,1,True,['Complete'],['South of Market'],False
23949000,1,['Traffic Island'],1,1.0,,,1,True,['Complete'],[],False
23962000,1,['Traffic Island'],1,1.0,,,1,True,['Complete'],['Potrero Hill'],False
23964000,1,['Traffic Island'],1,1.0,,,1,True,['Complete'],['Mission'],False
24000000,1,['Traffic Island'],1,1.0,,,1,True,['Complete'],['Mission'],False
24001000,1,['Traffic Island'],1,1.0,,,1,True,['Complete'],['Mission'],False
24003000,1,['Traffic Island'],1,1.0,,,1,True,['Complete'],['Mission'],False
24066000,1,['Raised Crosswalk'],1,1.0,,,1,True,['Complete'],['Mission'],False
24071000,1,['Raised Crosswalk'],1,1.0,,,1,True,['Complete'],['Mission'],False
24093000,1,['Raised Crosswalk'],1,1.0,,,1,True,['Complete'],['Mission'],False
24112000,1,['Raised Crosswalk'],1,1.0,,,1,True,['Complete'],['Mission'],False
24114000,1,['Raised Crosswalk'],1,1.0,,,1,True,['Complete'],['Mission'],False
24127000,1,['Raised Crosswalk'],1,1.0,,,1,True,['Complete'],['Mission'],False
24135000,1,['Raised Crosswalk'],1,1.0,,,1,True,['Complete'],['Mission'],False
24233000,1,['Left Turn Traffic Calming'],1,1.0,2020-08-01,2020-08-01,1,True,['Complete'],['South of Market'],True
24257000,1,['Raised Crosswalk'],1,1.0,,,1,True,['Complete'],['South of Market'],False
24280000,1,['Raised Crosswalk'],1,1.0,,,1,True,['Complete'],['South of Market'],False
24281000,1,['Raised Crosswalk'],1,1.0,,,1,True,['Complete'],['South of Market'],False
24282000,1,['Raised Crosswalk'],1,1.0,,,1,True,['Complete'],['South of Market'],False
24285000,1,['Raised Crosswalk'],1,1.0,,,1,True,['Complete'],['South of Market'],False
24289000,1,['Raised Crosswalk'],1,1.0,,,1,True,['Complete'],['South of Market'],False
24291000,1,['Raised Crosswalk'],1,1.0,,,1,True,['Complete'],['South of Market'],False
24292000,1,['Raised Crosswalk'],1,2.0,,,1,True,['Complete'],['South of Market'],False
24366000,1,['Raised Crosswalk'],1,1.0,,,1,True,['Complete'],['Mission'],False
24368000,1,['Raised Crosswalk'],1,1.0,,,1,True,['Complete'],['Mission'],False
24370000,1,['Raised Crosswalk'],1,1.0,,,1,True,['Complete'],['Mission'],False
24390000,1,['Traffic Island'],1,0.0,,,1,True,['Complete'],['South of Market'],False
24392000,1,['Raised Crosswalk'],1,1.0,,,1,True,['Complete'],['South of Market'],False
24401000,1,['Raised Crosswalk'],1,1.0,,,1,True,['Complete'],[],False
24406000,1,['Raised Crosswalk'],1,1.0,,,1,True,['Complete'],['South of Market'],False
24449000,1,['Raised Crosswalk'],1,1.0,2009-01-01,2009-01-01,1,True,['Complete'],['Civic Center'],True
24473000,1,['Raised Crosswalk'],1,1.0,,,1,True,['Complete'],['Civic Center'],False
24483000,1,['Raised Crosswalk'],1,1.0,2020-02-01,2020-02-01,1,True,['Complete'],['South Beach'],True
24486000,1,['Raised Crosswalk'],1,1.0,2020-03-01,2020-03-01,1,True,['Complete'],['South Beach'],True
24489000,1,['Raised Crosswalk'],1,1.0,2020-05-01,2020-05-01,1,True,['Complete'],['South Beach'],True
24492000,1,['Raised Crosswalk'],1,1.0,2020-08-01,2020-08-01,1,True,['Complete'],[],True
24494000,1,['Raised Crosswalk'],1,1.0,,,1,True,['Complete'],['Rincon Hill'],False
24511000,1,['Raised Crosswalk'],1,1.0,,,1,True,['Complete'],[],False
24535000,1,['Raised Crosswalk'],1,1.0,,,1,True,['Complete'],['South of Market'],False
24539000,1,['Raised Crosswalk'],1,2.0,,,1,True,['Complete'],['South of Market'],False
24543000,1,['Raised Crosswalk'],1,2.0,,,1,True,['Complete'],['South of Market'],False
24594000,1,['Raised Crosswalk'],1,2.0,,,1,True,['Complete'],['South of Market'],False
24605000,1,['Raised Crosswalk'],1,1.0,,,1,True,['Complete'],['Financial District'],False
24611000,1,['Raised Crosswalk'],1,1.0,,,1,True,['Complete'],[],False
24618000,1,['Raised Crosswalk'],1,2.0,,,1,True,['Complete'],['Financial District'],False
24746000,1,['Raised Crosswalk'],1,1.0,,,1,True,['Complete'],['Chinatown'],False
24768000,1,['Left Turn Traffic Calming'],1,1.0,2020-08-01,2020-08-01,1,True,['Complete'],['North Beach'],True
24927000,1,['Raised Crosswalk'],1,1.0,,,1,True,['Complete'],['Tenderloin'],False
24939000,1,['Raised Crosswalk'],1,1.0,,,1,True,['Complete'],['Lower Nob Hill'],False
24946000,1,['Raised Crosswalk'],1,1.0,,,1,True,['Complete'],['Lower Nob Hill'],False
24963000,1,['Raised Crosswalk'],1,1.0,,,1,True,['Complete'],['Lower Nob Hill'],False
24967000,1,['Raised Crosswalk'],1,1.0,,,1,True,['Complete'],['Lower Nob Hill'],False
24971000,1,['Raised Crosswalk'],1,1.0,,,1,True,['Complete'],[],False
24973000,1,['Raised Crosswalk'],1,1.0,,,1,True,['Complete'],['Nob Hill'],False
24975000,1,['Raised Crosswalk'],1,1.0,,,1,True,['Complete'],[],False
24984000,1,['Raised Crosswalk'],1,1.0,,,1,True,['Complete'],['Chinatown'],False
24989000,1,['Raised Crosswalk'],1,1.0,,,1,True,['Complete'],['Nob Hill'],False
24999000,1,['Raised Crosswalk'],1,2.0,,,1,True,['Complete'],['Nob Hill'],False
25010000,1,['Raised Crosswalk'],1,1.0,,,1,True,['Complete'],['Nob Hill'],False
25019000,1,['Raised Crosswalk'],1,1.0,,,1,True,['Complete'],['Chinatown'],False
25022000,1,['Raised Crosswalk'],1,1.0,,,1,True,['Complete'],['Chinatown'],False
25029000,1,['Raised Crosswalk'],1,1.0,,,1,True,['Complete'],['Chinatown'],False
25042000,1,['Raised Crosswalk'],1,1.0,,,1,True,['Complete'],['Chinatown'],False
25045000,1,['Raised Crosswalk'],1,1.0,2020-11-01,2020-11-01,1,True,['Complete'],['Chinatown'],True
25050000,1,['Raised Crosswalk'],1,1.0,,,1,True,['Complete'],['Chinatown'],False
25058000,1,['Raised Crosswalk'],1,1.0,,,1,True,['Complete'],['Chinatown'],False
25075000,1,['Raised Crosswalk'],1,2.0,,,1,True,['Complete'],['Nob Hill'],False
25079000,1,['Raised Crosswalk'],1,1.0,,,1,True,['Complete'],['Nob Hill'],False
25107000,1,['Raised Crosswalk'],1,1.0,,,1,True,['Complete'],['Nob Hill'],False
25115000,1,['Raised Crosswalk'],1,3.0,,,1,True,['Complete'],['Russian Hill'],False
25133000,1,['Raised Crosswalk'],1,1.0,,,1,True,['Complete'],['Russian Hill'],False
25139000,1,['Left Turn Traffic Calming'],1,1.0,2020-08-01,2020-08-01,1,True,['Complete'],['Tenderloin'],True
25164000,1,['Left Turn Traffic Calming'],1,1.0,2020-08-01,2020-08-01,1,True,['Complete'],['Lower Nob Hill'],True
25188000,1,['Raised Crosswalk'],1,1.0,,,1,True,['Complete'],['Cathedral Hill'],False
25194000,1,['Raised Crosswalk'],1,1.0,,,1,True,['Complete'],['Cathedral Hill'],False
25195000,1,['Raised Crosswalk'],1,1.0,2020-04-01,2020-04-01,1,True,['Complete'],['Tenderloin'],True
25203000,1,['Raised Crosswalk'],1,1.0,,,1,True,['Complete'],['Lower Nob Hill'],False
25209000,1,['Raised Crosswalk'],1,1.0,,,1,True,['Complete'],['Lower Nob Hill'],False
25211000,1,['Raised Crosswalk'],1,1.0,,,1,True,['Complete'],['Lower Nob Hill'],False
25236000,1,['Raised Crosswalk'],1,1.0,,,1,True,['Complete'],['Nob Hill'],False
25238000,1,['Raised Crosswalk'],1,2.0,,,1,True,['Complete'],['Nob Hill'],False
25247000,1,['Raised Crosswalk'],1,2.0,,,1,True,['Complete'],['Nob Hill'],False
25285000,1,['Raised Crosswalk'],1,1.0,,,1,True,['Complete'],['Russian Hill'],False
25292000,1,['Raised Crosswalk'],1,4.0,,,1,True,['Complete'],['Nob Hill'],False
25313000,1,['Raised Crosswalk'],1,1.0,,,1,True,['Complete'],['Russian Hill'],False
25331000,1,['Raised Crosswalk'],1,1.0,,,1,True,['Complete'],['North Beach'],False
25336000,1,['Raised Crosswalk'],1,1.0,,,1,True,['Complete'],['North Beach'],False
25342000,1,['Raised Crosswalk'],1,2.0,,,1,True,['Complete'],['Telegraph Hill'],False
25353000,1,['Raised Crosswalk'],1,1.0,,,1,True,['Complete'],['North Beach'],False
25357000,1,['Raised Crosswalk'],1,2.0,,,1,True,['Complete'],['North Beach'],False
25401000,1,['Raised Crosswalk'],1,1.0,,,1,True,['Complete'],['North Beach'],False
25517000,1,['Raised Crosswalk'],1,1.0,,,1,True,['Complete'],['Russian Hill'],False
25545000,1,['Raised Crosswalk'],1,2.0,,,1,True,['Complete'],['Russian Hill'],False
25550000,1,['Raised Crosswalk'],1,1.0,,,1,True,['Complete'],['Russian Hill'],False
25682000,1,['Raised Crosswalk'],1,1.0,2021-06-01,2021-06-01,1,True,['Complete'],['Mission Dolores'],True
25847000,1,['Raised Crosswalk'],1,1.0,,,1,True,['Complete'],[],False
25849000,1,['Raised Crosswalk'],1,1.0,,,1,True,['Complete'],[],False
25850000,1,['Raised Crosswalk'],1,1.0,,,1,True,['Complete'],['Mint Hill'],False
25853000,1,['Traffic Island'],1,0.0,,,1,True,['Complete'],['South of Market'],False
25989000,1,['Raised Crosswalk'],1,1.0,2016-09-01,2016-09-01,1,True,['Complete'],['Duboce Triangle'],True
25991000,1,['Raised Crosswalk'],1,1.0,2017-01-01,2017-01-01,1,True,['Complete'],['Duboce Triangle'],True
25996000,1,['Raised Crosswalk'],1,1.0,2017-01-01,2017-01-01,1,True,['Complete'],['Duboce Triangle'],True
26003000,1,['Raised Crosswalk'],1,1.0,2017-01-01,2017-01-01,1,True,['Complete'],['Lower Haight'],True
26013000,1,['Median Island'],1,1.0,2014-01-01,2014-01-01,1,True,['Complete'],[],True
26018000,1,['Traffic Island'],1,0.0,,,1,True,['Complete'],[],False
26021000,1,['Raised Crosswalk'],1,1.0,2021-06-01,2021-06-01,1,True,['Complete'],['Buena Vista'],True
26023000,1,['Raised Crosswalk'],1,1.0,,,1,True,['Complete'],['Duboce Triangle'],False
26073000,1,['Raised Crosswalk'],1,1.0,2022-10-01,2022-10-01,1,True,['Complete'],['Western Addition'],True
26206000,1,['Traffic Island'],1,1.0,2014-01-01,2014-01-01,1,True,['Complete'],['Buena Vista'],True
26215000,1,['Traffic Island'],1,0.0,,,1,True,['Complete'],[],False
26313000,1,['Speed Hump'],1,0.0,2019-01-01,2019-01-01,1,True,['Complete'],[],True
26333000,1,['Traffic Island'],1,1.0,2014-01-01,2014-01-01,1,True,['Complete'],['Buena Vista'],True
26359000,1,['Raised Crosswalk'],1,1.0,2022-10-01,2022-10-01,1,True,['Complete'],['Western Addition'],True
26374000,1,['Traffic Circle'],1,1.0,2018-02-01,2018-02-01,1,True,['Complete'],['Western Addition'],True
26375000,1,['Speed Hump'],1,0.0,2019-01-01,2019-01-01,1,True,['Complete'],['Western Addition'],True
26394000,1,['Raised Crosswalk'],1,1.0,2022-03-01,2022-03-01,1,True,['Complete'],['Anza Vista'],True
26443000,1,['Raised Crosswalk'],1,1.0,2018-07-01,2018-07-01,1,True,['Complete'],['Golden Gate Park'],True
26445000,1,['Raised Crosswalk'],1,1.0,2021-02-01,2021-02-01,1,True,['Complete'],['Panhandle'],True
26497000,1,['Raised Crosswalk'],1,1.0,,,1,True,['Complete'],['Cathedral Hill'],False
26506000,1,['Raised Crosswalk'],1,1.0,,,1,True,['Complete'],['Cathedral Hill'],False
26542000,1,['Left Turn Traffic Calming'],1,1.0,2020-08-01,2020-08-01,1,True,['Complete'],['Pacific Heights'],True
26585000,1,['Ped Refuge Island'],1,0.0,,,1,True,['Complete'],['Western Addition'],False
26603000,1,['Raised Crosswalk'],1,1.0,,,1,True,['Complete'],['Japantown'],False
26796000,1,['Raised Crosswalk'],1,1.0,,,1,True,['Complete'],['Marina'],False
26812000,1,['Raised Crosswalk'],1,,2025-08-01,2025-08-01,1,True,['Complete'],['Anza Vista'],True
26911000,1,['Traffic Island'],1,1.0,2018-04-01,2018-04-01,1,True,['Complete'],['Laurel Heights / Jordan Park'],True
26912000,1,['Traffic Circle'],1,1.0,2018-01-01,2018-01-01,1,True,['Complete'],['Laurel Heights / Jordan Park'],True
26914000,1,['Ped Refuge Island'],1,2.0,2018-03-01,2018-03-01,1,True,['Complete'],['Laurel Heights / Jordan Park'],True
26926000,1,['Ped Refuge Island'],1,2.0,2018-03-01,2018-03-01,1,True,['Complete'],['Laurel Heights / Jordan Park'],True
26927000,1,['Ped Refuge Island'],1,2.0,2018-03-01,2018-03-01,1,True,['Complete'],['Laurel Heights / Jordan Park'],True
26929000,1,['Ped Refuge Island'],1,2.0,2018-03-01,2018-03-01,1,True,['Complete'],['Laurel Heights / Jordan Park'],True
26931000,1,['Traffic Circle'],1,1.0,2018-01-01,2018-01-01,1,True,['Complete'],['Laurel Heights / Jordan Park'],True
26935000,1,['Painted Island'],1,2.0,2014-12-01,2014-12-01,1,True,['Complete'],['Laurel Heights / Jordan Park'],True
26936000,1,['Painted Island'],1,2.0,2014-12-01,2014-12-01,1,True,['Complete'],['Laurel Heights / Jordan Park'],True
27008000,1,['Channelization'],1,1.0,,,1,True,['Complete'],['Cow Hollow'],False
27034000,1,['Speed Hump'],1,0.0,,,1,True,['Complete'],['Forest Knolls'],False
27056000,1,['Traffic Island'],1,1.0,2009-07-01,2009-07-01,1,True,['Complete'],[],True
27075000,1,['Traffic Island'],1,0.0,2010-01-01,2010-01-01,1,True,['Complete'],['Inner Sunset'],True
27101000,1,['Traffic Island'],1,0.0,2009-01-01,2009-01-01,1,True,['Complete'],[],True
27105000,1,['Traffic Island'],1,0.0,2010-01-01,2010-01-01,1,True,['Complete'],[],True
27142000,1,['Traffic Island'],1,0.0,2010-01-01,2010-01-01,1,True,['Complete'],['Inner Sunset'],True
27144000,1,['Traffic Island'],1,1.0,2009-08-01,2009-08-01,1,True,['Complete'],['Inner Sunset'],True
27153000,1,['Median Extension'],1,1.0,,,1,True,['Complete'],['Inner Sunset'],False
27157000,1,['Median Extension'],1,1.0,,,1,True,['Complete'],['Inner Sunset'],False
27166000,1,['Traffic Island'],1,0.0,2010-01-01,2010-01-01,1,True,['Complete'],[],True
27167000,1,['Traffic Island'],1,0.0,2010-01-01,2010-01-01,1,True,['Complete'],[],True
27175000,1,['Median Extension'],1,1.0,,,1,True,['Complete'],['Inner Sunset'],False
27178000,1,['Traffic Island'],1,0.0,2010-01-01,2010-01-01,1,True,['Complete'],[],True
27194000,1,['Median Extension'],1,1.0,,,1,True,['Complete'],['Golden Gate Park'],False
27223000,1,['Traffic Island'],1,1.0,,,1,True,['Complete'],['Laurel Heights / Jordan Park'],False
27259000,1,['Raised Crosswalk'],1,1.0,2018-07-01,2018-07-01,1,True,['Complete'],['Golden Gate Park'],True
27268000,1,['Traffic Island'],1,0.0,,,1,True,['Complete'],['Inner Richmond'],False
27269000,1,['Traffic Island'],1,1.0,2014-01-01,2014-01-01,1,True,['Complete'],['Inner Richmond'],True
27282000,1,['Ped Refuge Island'],1,2.0,2019-06-01,2019-06-01,1,True,['Complete'],['Inner Richmond'],True
27298000,1,['Traffic Island'],1,1.0,,,1,True,['Complete'],['Inner Richmond'],False
27300000,1,['Traffic Island'],1,1.0,2014-01-01,2014-01-01,1,True,['Complete'],['Inner Richmond'],True
27362000,1,['Left Turn Traffic Calming'],1,1.0,2020-08-01,2020-08-01,1,True,['Complete'],['Golden Gate Park'],True
27367000,1,['Traffic Circle'],1,1.0,2020-01-01,2020-01-01,1,True,['Complete'],['Outer Sunset'],True
27373000,1,['Left Turn Traffic Calming'],1,1.0,2020-08-01,2020-08-01,1,True,['Complete'],['Golden Gate Park'],True
27381000,1,['Traffic Island'],1,1.0,,,1,True,['Complete'],['Outer Sunset'],False
27383000,1,['Traffic Island'],1,1.0,2013-07-01,2013-07-01,1,True,['Complete'],['Outer Sunset'],True
27393000,1,['Traffic Island'],1,1.0,2013-07-01,2013-07-01,1,True,['Complete'],['Outer Sunset'],True
27394000,1,['Traffic Island'],1,1.0,,,1,True,['Complete'],['Outer Sunset'],False
27395000,1,['Traffic Island'],1,0.0,2013-07-01,2013-07-01,1,True,['Complete'],['Outer Sunset'],True
27448000,1,['Traffic Island'],1,0.0,,,1,True,['Complete'],['Inner Richmond'],False
27451000,1,['Raised Crosswalk'],1,1.0,2018-07-01,2018-07-01,1,True,['Complete'],['Golden Gate Park'],True
27473000,1,['Traffic Island'],1,1.0,2014-01-01,2014-01-01,1,True,['Complete'],['Inner Richmond'],True
27476000,1,['Traffic Island'],1,1.0,2014-01-01,2014-01-01,1,True,['Complete'],['Inner Richmond'],True
27482000,1,['Traffic Island'],1,1.0,2014-01-01,2014-01-01,1,True,['Complete'],['Inner Richmond'],True
27485000,1,['Traffic Island'],1,1.0,2014-01-01,2014-01-01,1,True,['Complete'],['Inner Richmond'],True
27535000,1,['Traffic Circle'],1,1.0,2013-03-01,2013-03-01,1,True,['Complete'],['Outer Richmond'],True
27536000,1,['Traffic Island'],1,2.0,2017-05-01,2017-05-01,1,True,['Complete'],['Outer Richmond'],True
27595000,1,['Traffic Island'],1,0.0,,,1,True,['Complete'],['Presidio Terrace'],False
27600000,1,['Traffic Island'],1,0.0,,,1,True,['Complete'],['Presidio Terrace'],False
27609000,1,['Raised Crosswalk'],1,1.0,2022-09-01,2022-09-01,1,True,['Complete'],['Presidio Terrace'],True
27612000,1,['Traffic Island'],1,0.0,,,1,True,['Complete'],['Presidio Terrace'],False
27613000,1,['Raised Crosswalk'],1,1.0,2022-09-01,2022-09-01,1,True,['Complete'],['Presidio Terrace'],True
27619000,1,['Traffic Island'],1,1.0,2014-01-01,2014-01-01,1,True,['Complete'],['Inner Richmond'],True
27621000,1,['Traffic Island'],1,2.0,2014-01-01,2014-01-01,1,True,['Complete'],['Inner Richmond'],True
27622000,1,['Traffic Island'],1,0.0,,,1,True,['Complete'],['Lake Street'],False
27625000,1,['Raised Crosswalk'],1,2.0,2022-09-01,2022-09-01,1,True,['Complete'],['Lake Street'],True
27633000,1,['Traffic Island'],1,2.0,2014-01-01,2014-01-01,1,True,['Complete'],['Lake Street'],True
27645000,1,['Traffic Island'],1,2.0,2017-06-01,2017-06-01,1,True,['Complete'],['Lake Street'],True
27654000,1,['Traffic Island'],1,2.0,2017-05-01,2017-05-01,1,True,['Complete'],[],True
27679000,1,['Traffic Island'],1,1.0,,,1,True,['Complete'],['Outer Sunset'],False
27680000,1,['Traffic Island'],1,1.0,,,1,True,['Complete'],['Outer Sunset'],False
27692000,1,['Traffic Island'],1,1.0,,,1,True,['Complete'],['Outer Sunset'],False
27695000,1,['Raised Crosswalk'],1,1.0,2025-05-01,2025-05-01,1,True,['Complete'],['Outer Sunset'],True
27749000,1,['Traffic Island'],1,1.0,,,1,True,['Complete'],['Outer Sunset'],False
27751000,1,['Traffic Island'],1,1.0,,,1,True,['Complete'],['Outer Sunset'],False
27756000,1,['Traffic Island'],1,1.0,,,1,True,['Complete'],['Outer Sunset'],False
27767000,1,['Traffic Island'],1,1.0,,,1,True,['Complete'],['Outer Sunset'],False
27793000,1,['Raised Crosswalk'],1,1.0,2018-08-01,2018-08-01,1,True,['Complete'],['Golden Gate Park'],True
27926000,1,['Speed Table'],1,1.0,2020-12-01,2020-12-01,1,True,['Complete'],['Outer Sunset'],True
27927000,1,['Traffic Island'],1,1.0,,,1,True,['Complete'],['Outer Sunset'],False
27943000,1,['Speed Table'],1,1.0,2021-03-01,2021-03-01,1,True,['Complete'],['Outer Sunset'],True
27960000,1,['Raised Crosswalk'],1,,,,1,True,['Complete'],['Outer Sunset'],False
27962000,1,['Speed Table'],1,1.0,2020-12-01,2020-12-01,1,True,['Complete'],['Outer Sunset'],True
28005000,1,['Raised Crosswalk'],1,1.0,2016-06-01,2016-06-01,1,True,['Complete'],['Sutro Heights'],True
28089000,1,['Speed Hump'],1,1.0,,,1,True,['Complete'],['Potrero Hill'],False
28180000,1,['Raised Crosswalk'],1,1.0,,,1,True,['Complete'],['Telegraph Hill'],False
30053000,1,['Raised Crosswalk'],1,1.0,,,1,True,['Complete'],['Lower Nob Hill'],False
30076000,1,['Raised Crosswalk'],1,1.0,2020-11-01,2020-11-01,1,True,['Complete'],['Lower Nob Hill'],True
30711000,1,['Raised Crosswalk'],1,1.0,,,1,True,['Complete'],['North Beach'],False
30759000,1,['Raised Crosswalk'],1,1.0,,,1,True,['Complete'],['Mint Hill'],False
30763000,1,['Raised Crosswalk'],1,1.0,,,1,True,['Complete'],['Marina'],False
30769000,1,['Raised Crosswalk'],1,1.0,,,1,True,['Complete'],['Nob Hill'],False
32856000,1,['Raised Crosswalk'],1,1.0,2021-02-01,2021-02-01,1,True,['Complete'],['Panhandle'],True
32935000,1,['Traffic Island'],1,0.0,,,1,True,['Complete'],[],False
32969000,1,['Traffic Circle'],1,1.0,2013-01-01,2013-01-01,1,True,['Complete'],['Westwood Park'],True
33128000,1,['Traffic Circle'],1,1.0,2005-10-01,2005-10-01,1,True,['Complete'],['Hunters Point'],True
33389000,1,['Traffic Island'],1,1.0,2009-06-01,2009-06-01,1,True,['Complete'],[],True
33412000,1,['Traffic Island'],1,1.0,2014-01-01,2014-01-01,1,True,['Complete'],['Ingleside Terraces'],True
33479000,1,['Traffic Circle'],1,1.0,,,1,True,['Complete'],['Parkmerced'],False
33480000,1,['Traffic Circle'],1,1.0,,,1,True,['Complete'],['Parkmerced'],False
33481000,1,['Traffic Circle'],1,1.0,,,1,True,['Complete'],['Parkmerced'],False
33483000,1,['Traffic Circle'],1,1.0,,,1,True,['Complete'],['Parkmerced'],False
33484000,1,['Traffic Circle'],1,1.0,,,1,True,['Complete'],['Parkmerced'],False
33485000,1,['Traffic Circle'],1,1.0,,,1,True,['Complete'],['Parkmerced'],False
33489000,1,['Traffic Circle'],1,1.0,,,1,True,['Complete'],['Parkmerced'],False
33490000,1,['Traffic Circle'],1,1.0,,,1,True,['Complete'],['Parkmerced'],False
33604000,1,['Traffic Island'],1,1.0,2009-06-01,2009-06-01,1,True,['Complete'],[],True
33620000,1,['Traffic Circle'],1,1.0,,,1,True,['Complete'],['Showplace Square'],False
33695000,1,['Median Extension'],1,1.0,,,1,True,['Complete'],[],False
34017000,1,['Raised Crosswalk'],1,1.0,,,1,True,['Complete'],['Hayes Valley'],False
34186000,1,['Left Turn Traffic Calming'],1,1.0,2020-08-01,2020-08-01,1,True,['Complete'],['Mission Bay'],True
35050000,1,['Traffic Circle'],1,1.0,2014-09-01,2014-09-01,1,True,['Complete'],['Mission Bay'],True
50091000,1,['Raised Crosswalk'],1,1.0,,,1,True,['Complete'],['South Beach'],False
54054000,1,['Raised Crosswalk'],1,1.0,,,1,True,['Complete'],['Lower Haight'],False
54055000,1,['Raised Crosswalk'],1,1.0,,,1,True,['Complete'],['Lower Haight'],False
